timestamp,CH0_pF,CH1_pF,CH2_pF,CH3_pF
19.339,274.492470,259.834059,388.183918,453.515440
19.450,274.493290,259.828388,388.107112,453.329126
19.562,274.490517,259.827882,388.176339,453.267448
19.674,274.494930,259.829797,388.232350,453.460805
19.787,274.487470,259.829435,388.407524,453.638665
19.900,274.493602,259.831964,388.525827,453.623853
20.015,274.493055,259.839731,388.195608,453.594714
20.125,274.494657,259.840273,388.178009,453.343039
20.237,274.496063,259.838683,388.291585,453.192276
20.349,274.497469,259.841465,388.372685,453.257558
20.462,274.489658,259.836407,388.210509,453.227568
20.575,274.487470,259.837455,388.253550,453.269699
20.692,274.493290,259.839984,388.345178,453.576362
20.800,274.490517,259.834854,388.192525,453.669982
20.912,274.489658,259.835649,388.138448,453.742128
21.025,274.496063,259.840778,388.071800,453.570487
21.137,274.493016,259.832578,387.933418,453.454530
21.250,274.488837,259.832831,387.756630,453.349795
21.365,274.486338,259.833012,387.564450,453.299210
21.476,274.487744,259.832072,387.591301,453.448737
21.587,274.488017,259.835107,387.849179,453.558414
21.700,274.483838,259.828930,387.835259,453.443829
21.812,274.486924,259.831278,387.792286,453.536444
21.925,274.486611,259.832072,387.731237,453.507393
22.041,274.489111,259.832217,387.739444,453.544974
22.151,274.487470,259.830736,387.674113,453.461288
22.262,274.483565,259.831025,387.703346,453.379313
22.375,274.486064,259.829977,387.798956,453.521314
22.488,274.485518,259.828930,387.803958,453.489449
22.600,274.488603,259.829002,387.798058,453.556241
22.713,274.490478,259.829688,387.655074,453.448254
22.826,274.491610,259.833120,387.577971,453.335479
22.938,274.485791,259.829435,387.570345,453.265196
23.050,274.484658,259.831964,387.476483,453.165830
23.163,274.486924,259.830230,387.514280,453.447852
23.275,274.487197,259.829255,387.543817,453.448737
23.389,274.482745,259.829544,387.417555,453.416879
23.501,274.485205,259.831531,387.485451,453.407950
23.614,274.488017,259.829544,387.514280,453.366766
23.725,274.486338,259.830736,387.511781,453.308619
23.838,274.488056,259.834312,387.611168,453.261176
23.950,274.490204,259.835107,387.752397,453.516808
24.063,274.486611,259.832506,387.862201,453.663300
24.177,274.492743,259.837130,387.877469,453.581272
24.289,274.491610,259.831531,387.863099,453.562036
24.400,274.489697,259.832506,387.821917,453.481000
24.513,274.487197,259.832578,387.678921,453.476012
24.626,274.484698,259.830736,387.651228,453.426291
24.738,274.486064,259.831025,387.621295,453.466598
24.853,274.485791,259.829255,387.807165,453.595599
24.963,274.490204,259.832578,387.916799,453.701785
25.075,274.489970,259.831964,387.923151,453.693733
25.188,274.486064,259.832506,387.927130,453.686165
25.301,274.488876,259.832072,387.904416,453.687453
25.413,274.487744,259.827882,387.887221,453.678033
25.530,274.488017,259.832506,388.028917,454.001781
25.640,274.488330,259.831278,388.129844,454.097302
25.751,274.491064,259.831711,388.138448,454.056913
25.863,274.492196,259.833120,388.172486,454.083435
25.976,274.492196,259.833120,388.180321,454.040792
26.088,274.489931,259.834059,388.139219,454.021930
26.202,274.488291,259.832831,388.113405,453.998638
26.313,274.487197,259.835902,388.157200,454.192932
26.426,274.485791,259.828641,388.327570,454.394934
26.539,274.484698,259.828930,388.388754,454.404376
26.652,274.487197,259.832217,388.393382,454.399453
26.763,274.482198,259.829002,388.348648,454.374276
26.876,274.487744,259.830483,388.282847,454.324009
26.989,274.486924,259.832831,388.251494,454.245840
27.101,274.488837,259.832759,388.337723,454.479839
27.216,274.488017,259.831783,388.471684,454.705450
27.327,274.492196,259.832831,388.546922,454.724757
27.439,274.494422,259.835649,388.474384,454.625410
27.551,274.493290,259.831025,388.454839,454.620888
27.664,274.488876,259.830230,388.478757,454.622745
27.776,274.486611,259.832831,388.437995,454.583661
27.892,274.487744,259.831025,388.413695,454.680249
28.001,274.489111,259.831964,388.647271,454.929365
28.114,274.488837,259.830736,388.717538,455.008190
28.226,274.487744,259.829688,388.705440,455.010373
28.339,274.488056,259.830736,388.596834,454.943835
28.451,274.485479,259.830230,388.567760,454.890244
28.568,274.486611,259.832831,388.609700,454.865512
28.678,274.488291,259.829977,388.738068,455.102239
28.789,274.487470,259.831531,388.807780,455.245835
28.902,274.486338,259.827954,388.676354,455.160236
29.015,274.489150,259.829977,388.608928,455.127879
29.127,274.489423,259.830916,388.581911,455.092777
29.239,274.485205,259.828930,388.554189,455.062611
29.352,274.485244,259.828207,388.563001,455.111622
29.464,274.485244,259.828641,388.501519,455.126990
29.580,274.483877,259.830483,388.597092,455.326924
29.690,274.485205,259.829797,388.690510,455.399858
29.802,274.483331,259.829002,388.672107,455.344002
29.914,274.486611,259.831278,388.601466,455.377353
30.027,274.485791,259.828388,388.510136,455.324172
30.140,274.484698,259.825606,388.455353,455.271486
30.254,274.483565,259.830483,388.450981,455.313408
30.365,274.486611,259.829977,388.573678,455.671181
30.477,274.486611,259.828388,388.760467,456.002838
30.590,274.489658,259.831531,388.833081,456.384138
30.702,274.486611,259.828641,388.773276,456.442859
30.815,274.481339,259.826401,388.679635,456.356040
30.927,274.481925,259.826654,388.644183,456.322667
31.040,274.483018,259.825859,388.618706,456.289703
31.158,274.483018,259.828641,388.580367,456.241725
31.265,274.484424,259.827593,388.567374,456.430270
31.377,274.480245,259.828930,388.694757,456.379996
31.490,274.483838,259.828207,386.941359,454.673949
31.603,274.487470,259.831783,385.978952,452.796540
31.715,274.488603,259.836154,387.671100,454.641562
31.828,274.494422,259.839984,386.958109,456.893910
31.941,274.492743,259.838683,386.731365,458.352762
32.054,274.491064,259.835793,386.476475,458.610697
32.165,274.496336,259.836949,388.190469,459.426112
32.278,274.495516,259.836407,387.567462,459.474085
32.391,274.494422,259.836588,386.791036,459.287891
32.503,274.493290,259.836335,387.262996,459.609680
32.617,274.494930,259.838177,386.575669,459.338549
32.728,274.493563,259.837383,386.245483,459.408401
32.841,274.492470,259.835360,386.169996,459.521984
32.953,274.491337,259.835107,386.304599,459.661784
33.066,274.491337,259.835360,386.364813,460.001698
33.178,274.492470,259.836154,385.160502,459.202087
33.292,274.493563,259.835649,384.465447,455.014416
33.404,274.494149,259.836154,384.317145,454.489768
33.516,274.494696,259.838177,384.329173,454.681137
33.629,274.493329,259.835649,384.181706,454.718052
33.749,274.493837,259.833373,384.162092,454.913684
33.854,274.497195,259.835649,384.403254,455.546829
33.967,274.491337,259.836154,384.738838,456.078201
34.079,274.493016,259.838177,384.616873,455.628402
34.192,274.494657,259.837383,384.808847,456.121610
34.304,274.494422,259.838936,384.988710,456.694763
34.417,274.494696,259.838683,385.315374,457.137139
34.530,274.494383,259.838430,385.276362,457.446716
34.643,274.494383,259.837744,385.394815,457.658571
34.754,274.493837,259.838683,385.479238,457.854657
34.867,274.496336,259.839731,385.788044,458.217297
34.979,274.498875,259.841826,386.016283,459.134739
35.092,274.498016,259.837888,386.168083,459.376424
35.206,274.499695,259.839478,386.279663,459.587774
35.318,274.502468,259.842512,386.280045,459.655302
35.429,274.502195,259.842260,386.207737,459.747139
35.542,274.498562,259.840273,386.282533,459.706921
35.655,274.499929,259.840959,386.329857,459.759452
35.767,274.499148,259.842621,386.578095,460.102264
35.882,274.497469,259.842512,386.700959,460.348474
35.993,274.497469,259.841031,386.733792,460.380055
36.105,274.495789,259.838936,386.782474,460.382769
36.217,274.498836,259.842260,386.593929,460.374051
36.330,274.501335,259.841573,386.428614,460.343457
36.442,274.499929,259.843416,386.385100,460.218481
36.556,274.499968,259.842621,386.465625,460.331533
36.668,274.502468,259.844102,386.527535,460.601212
36.780,274.503015,259.843307,386.535323,460.471609
36.893,274.501062,259.838936,386.532514,460.464287
37.005,274.501335,259.839984,386.440227,460.553479
37.118,274.497469,259.839984,386.342742,460.557676
37.231,274.499148,259.841212,386.311232,460.624094
37.343,274.498289,259.843560,386.264103,460.606727
37.455,274.499383,259.843560,386.282150,460.724940
37.568,274.498289,259.841465,386.553963,461.089407
37.680,274.501335,259.841212,386.620874,461.284499
37.793,274.502468,259.841320,386.441121,461.301986
37.911,274.498836,259.840959,386.371448,461.366250
38.019,274.500203,259.840273,386.243060,461.360227
38.130,274.499383,259.841754,386.325838,461.365672
38.243,274.503601,259.842007,386.375403,461.415426
38.356,274.502468,259.842368,386.595589,461.857855
38.468,274.503288,259.839984,386.769185,462.175483
38.587,274.503054,259.842079,386.808544,462.294117
38.693,274.500242,259.840525,386.870789,462.446983
38.806,274.499656,259.842801,386.908628,462.502370
38.918,274.501062,259.841826,386.813911,462.480264
39.032,274.501335,259.844102,386.799981,462.444251
39.143,274.500515,259.843054,386.800365,462.415195
39.256,274.501062,259.838936,386.913231,462.756748
39.368,274.498016,259.839225,387.083195,463.007762
39.481,274.498328,259.839478,387.054796,463.092694
39.594,274.497742,259.842621,386.998136,463.145788
39.707,274.499422,259.840273,386.904410,463.126043
39.818,274.499109,259.837202,386.786308,462.982884
39.931,274.500789,259.839731,386.777746,462.940430
40.044,274.500515,259.837997,386.842029,463.289934
40.156,274.500476,259.838683,387.097140,463.646220
40.272,274.499656,259.838683,387.116715,463.882302
40.382,274.496063,259.839044,387.112748,463.791506
40.493,274.494696,259.836588,387.044947,463.675554
40.606,274.499383,259.838250,386.972559,463.594538
40.719,274.496922,259.836407,386.813272,463.555242
40.831,274.498016,259.840525,386.757046,463.507063
40.944,274.499422,259.837888,387.032924,463.554743
41.056,274.495203,259.839984,387.273622,464.031357
41.174,274.497469,259.840706,387.381565,464.334255
41.283,274.494149,259.838683,387.590916,456.666231
41.394,274.496922,259.841826,386.545026,454.034021
41.507,274.496649,259.837383,388.549366,455.336880
41.619,274.497742,259.837997,389.008711,456.190671
41.732,274.497742,259.838502,389.248737,453.286183
41.849,274.498289,259.835107,382.165032,447.331103
41.957,274.499422,259.841754,383.445029,445.021321
42.069,274.494696,259.839984,381.510528,443.952175
42.182,274.494969,259.838177,381.333447,443.228407
42.294,274.494422,259.836082,380.258171,442.706906
42.407,274.494696,259.835360,379.780881,442.388269
42.520,274.494383,259.834312,379.166781,442.251381
42.633,274.494657,259.833879,379.779761,442.075626
42.745,274.491337,259.835107,380.005186,442.551235
42.857,274.493876,259.835793,380.018452,443.111057
42.970,274.493837,259.834854,379.960347,442.696960
43.082,274.497742,259.836696,379.780134,442.244553
43.195,274.498016,259.835902,379.694024,442.167136
43.308,274.496922,259.833553,379.617084,442.045853
43.420,274.493329,259.831711,379.614783,442.119749
43.532,274.494930,259.833553,379.696388,442.397817
43.645,274.493016,259.837202,379.906052,443.020119
43.757,274.494969,259.835649,380.034398,443.313724
43.870,274.495789,259.837635,379.935751,443.433799
43.984,274.496336,259.835902,379.790029,443.433799
44.096,274.496649,259.836335,379.637919,443.417755
44.207,274.496922,259.836588,379.482975,443.458490
44.320,274.495789,259.835902,379.457927,443.240549
44.433,274.495789,259.836841,379.625853,444.010928
44.545,274.498601,259.837744,379.626973,443.987832
44.661,274.499656,259.839984,379.674305,443.943126
44.771,274.500750,259.838936,379.769929,444.110280
44.883,274.501062,259.837888,379.793016,444.219424
44.995,274.496922,259.838936,379.678099,444.197249
45.108,274.495243,259.838177,379.657635,444.148140
45.220,274.493290,259.833553,379.777085,444.537242
45.338,274.498328,259.836949,380.104606,444.964722
45.447,274.495789,259.838430,380.257049,445.013961
45.559,274.498055,259.838683,380.324261,445.132513
45.670,274.496922,259.836154,380.229620,445.193921
45.783,274.495789,259.836696,380.053396,445.225335
45.896,274.495477,259.837744,379.891671,445.189143
46.008,274.497195,259.836696,379.926225,445.722352
46.121,274.495477,259.836407,380.273258,446.275826
46.234,274.498055,259.835360,380.228498,446.373791
46.346,274.499148,259.832831,380.132396,446.424516
46.458,274.499695,259.835902,380.074701,446.411460
46.571,274.495789,259.836696,380.076197,446.723213
46.683,274.499656,259.836841,379.959662,446.877082
46.798,274.498328,259.839478,379.915204,446.895435
46.909,274.496063,259.836588,380.112955,447.378515
47.021,274.498875,259.838683,380.214037,447.856112
47.133,274.494657,259.834854,380.408706,448.161026
47.246,274.498016,259.837202,380.221267,448.211255
47.359,274.498601,259.838502,380.031408,448.162371
47.472,274.496063,259.836082,379.902317,448.044464
47.584,274.497469,259.836154,379.859799,448.106931
47.696,274.495203,259.835649,380.098189,448.535447
47.809,274.498289,259.834854,380.198891,448.676517
47.921,274.499656,259.836949,380.235355,448.780638
48.034,274.499109,259.839225,380.520884,449.347895
48.151,274.492196,259.838177,381.547237,449.676382
48.260,274.494696,259.837130,382.229278,450.153647
48.371,274.493876,259.838430,382.635146,449.940219
48.484,274.496922,259.836154,382.620174,450.091641
48.596,274.494969,259.836588,382.987334,450.706601
48.711,274.494930,259.836407,383.155568,450.872201
48.822,274.493055,259.833373,383.346488,451.008113
48.934,274.497195,259.836588,383.261226,451.072539
49.047,274.495243,259.835902,383.210031,451.244565
49.159,274.493837,259.835902,383.104520,451.264617
49.272,274.497469,259.835649,382.949418,451.742493
49.386,274.497195,259.834601,383.102629,452.292034
49.497,274.498562,259.838502,383.197549,452.470110
49.609,274.499695,259.838177,383.165527,452.493770
49.722,274.500476,259.838683,383.239788,452.469629
49.834,274.498601,259.840778,383.224026,452.379015
49.947,274.497469,259.840525,383.205114,452.447334
50.063,274.503054,259.840273,383.186328,452.484386
50.173,274.499422,259.837635,383.134517,452.665622
50.284,274.499109,259.840778,383.335892,452.931529
50.397,274.498562,259.837130,383.071879,452.803685
50.510,274.498836,259.835902,382.980532,452.638418
50.622,274.499109,259.836949,382.951685,452.541497
50.739,274.494149,259.838936,382.852572,452.263981
50.849,274.499109,259.841573,382.887201,452.325060
50.960,274.501921,259.841031,382.775021,452.394650
51.072,274.499148,259.839984,382.884934,452.746526
51.185,274.498016,259.834059,383.047559,452.697403
51.297,274.499109,259.838936,382.951685,452.653584
51.410,274.496922,259.839478,383.034202,452.533475
51.523,274.495477,259.836154,383.472667,451.213491
51.635,274.493563,259.831964,384.779040,452.160927
51.747,274.494969,259.834312,388.063967,461.326568
51.860,274.493016,259.830483,385.092432,470.552852
51.972,274.462750,259.805271,400.596161,484.206791
52.085,274.436354,259.786526,394.999046,497.010953
52.199,274.404730,259.757059,402.813624,499.544871
52.311,274.354456,259.759840,390.041556,500.686437
52.423,274.379201,259.782409,390.159997,501.242077
52.535,274.393058,259.775259,389.365283,504.690473
52.648,274.390560,259.770384,390.519845,506.326040
52.760,274.391107,259.770131,398.872467,513.581184
52.875,274.395830,259.775006,399.570954,515.256543
52.986,274.396650,259.771431,401.319914,517.768853
53.098,274.402232,259.768831,402.393298,518.790664
53.210,274.401373,259.766303,402.752513,520.005502
53.323,274.401373,259.766809,403.824718,521.321476
53.435,274.404965,259.765328,404.525911,522.331789
53.552,274.403364,259.760887,395.058857,524.211519
53.661,274.405550,259.761392,395.548052,517.799401
53.773,274.403598,259.757565,396.063843,518.460000
53.885,274.409415,259.759912,396.057694,520.338980
53.998,274.409181,259.757998,396.053396,520.792240
54.111,274.410235,259.755543,396.011083,521.269927
54.223,274.408049,259.753737,396.113042,521.532089
54.337,274.411914,259.756770,396.017628,521.601728
54.448,274.409142,259.754965,395.638615,521.652240
54.561,274.408869,259.754676,395.525416,521.762859
54.673,274.412226,259.751896,395.622903,521.870057
54.786,274.410547,259.750596,395.947692,522.417800
54.899,274.410001,259.751101,395.836215,523.054328
55.011,274.409688,259.753196,395.745124,523.055318
55.123,274.409181,259.751101,395.238371,523.206502
55.236,274.411640,259.753737,395.165932,523.306401
55.348,274.409454,259.755471,395.075723,523.171524
55.461,274.408908,259.754243,394.890654,523.328208
55.574,274.414685,259.756518,394.777962,523.696850
55.687,274.409962,259.749874,394.719198,523.944014
55.799,274.408869,259.750849,394.684920,524.048191
55.911,274.410821,259.749874,394.318525,523.914424
56.023,274.405824,259.751101,394.518920,524.577986
56.136,274.407229,259.748068,394.405986,524.448099
56.249,274.407502,259.749621,394.394617,524.245008
56.362,274.409181,259.749621,394.064448,524.091897
56.475,274.409962,259.751643,394.012860,524.462915
56.586,274.408049,259.748574,394.206134,525.139745
56.699,274.406370,259.752582,394.843978,525.535283
56.811,274.410001,259.751101,394.482497,525.827033
56.924,274.406643,259.750415,395.211080,526.207939
57.037,274.410547,259.752690,395.401116,527.175794
57.150,274.410821,259.750343,395.406788,527.384053
57.261,274.411640,259.749368,395.283927,527.398389
57.374,274.410001,259.746227,395.610690,528.376078
57.487,274.408908,259.747021,396.248517,529.113373
57.599,274.408049,259.747021,396.193009,529.408631
57.713,274.405004,259.748574,396.098096,529.735408
57.825,274.405277,259.746227,396.100411,529.689500
57.937,274.404184,259.745433,397.209676,530.753123
58.049,274.405824,259.746227,397.380108,530.988456
58.162,274.408595,259.747274,397.518138,531.409093
58.274,274.407229,259.748863,398.750782,532.185895
58.389,274.406917,259.745252,400.114753,533.668687
58.499,274.406643,259.744133,400.519542,534.434576
58.612,274.404145,259.744494,400.771860,534.834647
58.724,274.404730,259.743700,400.792578,534.882845
58.837,274.406097,259.741605,400.573912,534.721495
58.949,274.408088,259.744999,400.451879,534.959913
59.062,274.408361,259.743700,400.910454,535.828840
59.174,274.405004,259.744386,400.762377,536.093750
59.291,274.403052,259.744674,401.122314,536.325665
59.400,274.401920,259.743700,401.053360,536.142114
59.512,274.401646,259.740631,401.163467,536.395638
59.624,274.402505,259.741353,400.761704,536.147351
59.737,274.403325,259.742652,400.728009,535.994887
59.849,274.401100,259.743447,400.890065,536.145810
59.967,274.403052,259.739872,401.173638,536.905784
60.075,274.400827,259.740558,401.239860,537.286412
60.187,274.401920,259.739259,400.955008,537.512277
60.300,274.403872,259.740631,400.951844,537.445183
60.412,274.407775,259.741678,400.887710,536.801558
60.525,274.419175,259.757312,400.647790,536.723588
60.642,274.421088,259.759659,400.798026,536.796209
60.750,274.411914,259.757059,400.885825,537.454768
60.862,274.417496,259.756012,401.232853,537.859693
60.975,274.414178,259.760634,401.551310,538.148165
61.087,274.410235,259.755290,401.247676,537.977428
61.200,274.411640,259.758106,401.204962,538.070529
61.313,274.413046,259.760634,401.266946,538.295223
61.425,274.417496,259.762440,398.978100,537.561859
61.538,274.424173,259.779123,398.282644,532.475729
61.650,274.462477,259.817407,394.306436,521.938183
61.763,274.493602,259.832578,384.829270,475.954599
61.875,274.477199,259.813036,382.793525,441.097648
61.988,274.479386,259.833626,386.168466,436.779690
62.100,274.501921,259.849232,386.304216,437.418953
62.212,274.481612,259.827954,386.338021,437.853198
62.326,274.488017,259.839731,386.326795,438.169475
62.438,274.485244,259.834312,386.424785,438.836625
62.550,274.487470,259.837635,386.799215,439.935114
62.663,274.483877,259.842079,386.936628,440.594443
62.775,274.488876,259.847426,386.981511,440.488749
62.888,274.492196,259.844897,387.030877,440.869419
63.001,274.488876,259.843054,387.082044,441.397218
63.113,274.493602,259.848726,387.120297,441.419965
63.225,274.491610,259.841212,387.173657,441.364030
63.338,274.488330,259.842621,387.272342,441.648376
63.450,274.491610,259.843849,387.675074,442.253475
63.564,274.494383,259.845836,387.814477,442.337278
63.676,274.496922,259.847678,387.877854,442.938773
63.788,274.495750,259.847498,387.938038,443.069047
63.901,274.494657,259.846378,388.057804,443.581193
64.013,274.492743,259.848979,388.086053,443.821992
64.126,274.493563,259.845655,388.066407,443.686641
64.239,274.495203,259.848184,388.043296,443.823318
64.351,274.492743,259.845150,388.130999,444.208492
64.463,274.490204,259.846450,388.318059,444.729123
64.576,274.490204,259.845402,388.350705,444.963000
64.688,274.491064,259.847137,388.382455,445.093670
64.801,274.493602,259.844355,388.362016,445.248447
64.918,274.493329,259.844897,388.362402,445.456455
65.026,274.496336,259.847245,388.387854,445.545532
65.138,274.498016,259.844897,388.376156,445.648521
65.251,274.496336,259.845944,388.621794,446.261755
65.364,274.498562,259.848726,388.810870,446.590510
65.476,274.495516,259.847426,388.900176,446.871805
65.591,274.494149,259.846378,388.992798,447.185838
65.701,274.497195,259.848473,389.026171,447.297738
65.814,274.494110,259.846992,389.058774,447.383327
65.926,274.494110,259.843560,389.048013,447.453157
66.039,274.494422,259.846992,389.041505,447.490485
66.151,274.496649,259.847678,389.176204,447.579206
66.264,274.493837,259.847245,389.278336,448.326219
66.377,274.494383,259.845402,389.276402,448.700761
66.490,274.493602,259.845655,389.317678,449.074489
66.601,274.496649,259.846197,389.298458,449.135419
66.714,274.498016,259.846450,389.294072,449.138116
66.826,274.495789,259.847137,389.278723,449.155731
66.939,274.497469,259.846703,389.253960,449.131928
67.052,274.491923,259.845944,389.461162,449.478772
67.164,274.494110,259.847137,389.637784,449.744586
67.276,274.496649,259.848473,389.642562,449.603903
67.389,274.491337,259.844102,389.613763,449.659135
67.501,274.489111,259.844102,389.576444,449.707382
67.614,274.494149,259.845583,389.545069,449.569417
67.727,274.492743,259.845836,389.495884,449.558373
67.839,274.493290,259.845655,389.535902,449.506574
67.951,274.494657,259.845655,389.733890,449.986680
68.064,274.492470,259.844897,389.755596,450.403629
68.177,274.496922,259.848726,389.764641,450.496299
68.289,274.496649,259.847245,389.745001,450.515426
68.403,274.496922,259.846197,389.720583,450.437331
68.515,274.499383,259.848184,389.705209,450.446654
68.627,274.497742,259.848726,389.712702,450.519411
68.739,274.497195,259.849232,389.844118,450.848265
68.852,274.496336,259.849774,390.075446,451.157422
68.964,274.497469,259.849954,390.127584,451.155665
69.078,274.500242,259.852050,390.173844,451.313914
69.190,274.498016,259.849232,390.169379,451.337087
69.302,274.496649,259.847678,390.092975,451.374886
69.414,274.500242,259.850027,390.070789,451.404218
69.527,274.498875,259.846992,390.273248,451.389992
69.640,274.496649,259.845150,390.436865,452.168539
69.754,274.497742,259.848184,390.434598,452.331313
69.865,274.500476,259.848726,390.454806,452.485268
69.977,274.499656,259.850569,390.418796,452.526336
70.090,274.499383,259.850280,390.372494,452.494652
70.209,274.497742,259.850027,390.339149,452.408040
70.315,274.498328,259.846450,390.332804,452.466501
70.427,274.498016,259.849774,390.566496,452.881493
70.540,274.496922,259.846992,390.652562,453.098720
70.652,274.498016,259.847751,390.595398,453.095184
70.765,274.499148,259.848184,390.556258,453.038855
70.877,274.499422,259.848473,390.462126,452.914501
70.991,274.497195,259.848726,390.396389,452.933296
71.103,274.497195,259.850460,390.420285,452.883661
71.215,274.496336,259.848184,390.666045,453.771280
71.328,274.499109,259.849774,390.704617,453.878896
71.440,274.500242,259.846089,390.644265,453.598738
71.553,274.500515,259.848473,390.548936,453.509646
71.666,274.499656,259.848184,390.479291,453.509163
71.778,274.498055,259.849521,390.410895,453.429026
71.890,274.495203,259.846197,390.323935,453.077745
72.003,274.493837,259.845655,390.184649,452.187689
72.115,274.497742,259.849521,390.888607,452.847525
72.228,274.492470,259.846631,385.310799,451.901521
72.341,274.497195,259.850207,383.745228,450.332253
72.453,274.499148,259.850713,387.229074,453.298325
72.569,274.499968,259.850713,388.964004,465.141805
72.679,274.499383,259.851508,388.940236,469.740585
72.791,274.496336,259.847931,392.357871,473.305613
72.903,274.497469,259.849521,394.005641,473.426626
73.016,274.498875,259.848184,392.614341,473.020515
73.128,274.499929,259.847931,391.040848,472.386681
73.244,274.500515,259.849232,388.152063,472.572532
73.354,274.495243,259.845655,389.356832,473.075529
73.466,274.495243,259.845402,387.973911,472.758062
73.579,274.494696,259.843849,389.066249,473.172662
73.691,274.492470,259.846378,387.819608,472.609271
73.804,274.493837,259.846992,387.586174,472.510855
73.920,274.494930,259.843849,387.601426,471.739169
74.029,274.493876,259.844897,388.412666,471.908876
74.141,274.493329,259.839984,389.235132,473.034032
74.254,274.493876,259.844102,387.831667,472.704725
74.367,274.493329,259.842621,387.191189,471.379847
74.479,274.493563,259.842260,387.291545,471.281803
74.593,274.496063,259.839984,387.335207,471.381720
74.705,274.493016,259.839984,387.363251,471.418579
74.817,274.494149,259.838683,387.412048,471.502784
74.929,274.490517,259.840959,387.720722,472.042420
75.042,274.491337,259.840778,388.793617,472.418958
75.154,274.496336,259.840273,388.253164,472.480362
75.267,274.492196,259.840959,388.289529,472.364140
75.381,274.490790,259.840525,388.118414,472.131224
75.492,274.491337,259.841031,388.060244,471.483540
75.604,274.491064,259.841031,387.888504,470.750822
75.718,274.491610,259.840959,387.929055,470.821853
75.829,274.491064,259.842512,388.114176,471.272358
75.942,274.493016,259.841754,388.104416,472.124655
76.055,274.493563,259.842260,388.381298,472.224575
76.167,274.493016,259.837744,388.526599,472.398037
76.281,274.493876,259.839225,388.804368,472.331100
76.393,274.496336,259.844355,390.539088,473.853658
76.505,274.491064,259.838936,392.207821,473.867639
76.617,274.492743,259.843307,392.307389,474.663399
76.730,274.491610,259.841754,394.740583,475.182040
76.842,274.490790,259.840778,394.857737,475.369494
76.958,274.491337,259.838936,394.974940,475.344161
77.069,274.492743,259.841465,394.991010,475.294189
77.180,274.491337,259.839731,395.080269,475.216490
77.293,274.491064,259.840706,395.103395,475.201246
77.405,274.491337,259.840417,395.121054,475.247757
77.518,274.491064,259.840273,395.193415,475.401206
77.633,274.491337,259.840273,395.431724,475.713927
77.744,274.496922,259.843054,395.523832,475.696589
77.855,274.495243,259.842260,395.500472,475.709787
77.968,274.494969,259.841212,395.532675,475.505413
78.080,274.494930,259.841754,395.465502,475.444385
78.193,274.494422,259.844897,395.484768,475.423269
78.305,274.496649,259.844355,395.502254,475.311075
78.418,274.494969,259.841754,395.561977,475.511965
78.531,274.491610,259.841031,395.686219,475.799510
78.644,274.490790,259.842512,395.703519,475.783979
78.756,274.493837,259.841573,395.630693,475.643545
78.868,274.493016,259.842079,395.549570,475.465674
78.980,274.494422,259.842512,395.482788,475.266191
79.093,274.490517,259.840525,395.338459,474.859675
79.206,274.493563,259.838936,395.312741,475.057016
79.318,274.495750,259.842621,396.036073,475.391554
79.432,274.495516,259.842512,395.885373,475.347004
79.543,274.493563,259.837888,395.547656,475.182471
79.656,274.490517,259.842079,395.390298,475.207791
79.768,274.491337,259.839731,395.360816,475.119608
79.881,274.491337,259.842368,395.234481,474.460195
79.994,274.490790,259.839478,395.158155,474.441205
80.106,274.490790,259.840778,395.289399,474.801348
80.218,274.488564,259.836696,395.412857,474.805133
80.331,274.488291,259.839225,395.480479,474.924811
80.444,274.486611,259.838177,395.474739,475.017160
80.556,274.489423,259.838936,395.385615,474.832489
80.671,274.490243,259.839731,395.357321,474.610179
80.782,274.489423,259.841212,395.352638,474.735806
80.894,274.493563,259.840959,395.507335,474.882217
81.006,274.494110,259.840706,395.384824,473.079038
81.119,274.492196,259.839984,394.810935,468.177526
81.231,274.486338,259.838177,392.547818,461.511736
81.349,274.489111,259.837383,391.218896,454.302387
81.457,274.494930,259.844608,389.912371,450.768731
81.569,274.501648,259.856674,389.921033,448.479940
81.681,274.506335,259.858770,389.584320,448.515175
81.795,274.507194,259.863394,389.542229,449.451369
81.907,274.513600,259.870259,389.247577,449.603426
82.019,274.498289,259.867730,389.102724,448.592786
82.132,274.499695,259.866429,388.953891,448.437663
82.244,274.500750,259.867224,388.776365,447.843864
82.358,274.499148,259.866971,388.745341,447.658398
82.469,274.504421,259.869753,388.888714,448.077435
82.582,274.503562,259.866971,389.218626,448.541228
82.695,274.502742,259.869211,389.338448,448.878134
82.810,274.499109,259.870367,389.262214,449.155731
82.920,274.499656,259.866682,389.281948,449.263506
83.032,274.499968,259.868525,389.278723,449.354565
83.145,274.496922,259.865923,389.286978,449.423095
83.257,274.500789,259.868019,389.288139,449.614074
83.370,274.502195,259.867477,389.444255,450.206828
83.482,274.500203,259.869067,389.698492,450.531764
83.595,274.499148,259.867730,389.697717,450.670239
83.707,274.503015,259.868958,389.688287,450.781174
83.820,274.502468,259.870259,389.627968,450.808296
83.933,274.502468,259.868525,389.568955,450.777186
84.046,274.503327,259.869320,389.541067,450.828240
84.157,274.506335,259.870801,389.796946,451.283712
84.270,274.504929,259.869067,389.900089,451.306803
84.383,274.499109,259.868019,389.842761,451.175232
84.495,274.500242,259.868019,389.823697,451.364657
84.610,274.500476,259.866429,389.755983,451.286348
84.721,274.499109,259.863647,389.688158,451.145443
84.833,274.498289,259.865923,389.601624,451.069904
84.945,274.500789,259.865128,389.660257,451.284111
85.058,274.500476,259.864442,389.806379,451.508780
85.171,274.499929,259.866682,389.765416,451.473603
85.288,274.499695,259.864334,389.746939,451.521653
85.396,274.499383,259.868272,389.723296,451.437150
85.508,274.501062,259.866971,389.681182,451.381520
85.621,274.506335,259.870006,389.670074,451.405977
85.733,274.505515,259.871054,389.898926,451.952280
85.846,274.505476,259.868525,389.988788,452.145304
85.958,274.503874,259.869753,389.947409,452.180558
86.072,274.499929,259.869320,389.908945,452.208203
86.185,274.498289,259.866682,389.878889,452.219822
86.296,274.501062,259.868958,389.852390,452.292515
86.408,274.499695,259.868272,389.800435,452.271996
86.521,274.499968,259.865381,389.865833,452.679987
86.633,274.498562,259.865128,390.075640,452.975306
86.748,274.500242,259.868958,390.079457,453.131911
86.859,274.501648,259.866682,390.087348,453.273237
86.971,274.501648,259.868272,390.035218,453.272754
87.084,274.504968,259.868705,389.927368,453.132313
87.196,274.502742,259.862852,389.841791,453.216876
87.313,274.500203,259.866537,389.994349,453.598738
87.421,274.504421,259.866429,390.040392,453.435704
87.534,274.505476,259.866429,389.914310,453.448737
87.646,274.501648,259.870114,389.833132,453.480035
87.759,274.503015,259.870548,389.817558,453.413339
87.871,274.503562,259.869211,389.723683,453.375292
87.985,274.503835,259.870006,389.663099,453.326472
88.098,274.503601,259.866971,389.824860,453.548998
88.209,274.503601,259.867730,389.691387,453.646635
88.322,274.498016,259.862599,389.585870,453.493070
88.435,274.496336,259.864442,389.414251,453.433934
88.546,274.497742,259.863828,389.298458,453.229418
88.659,274.498289,259.862852,389.212694,453.143485
88.772,274.501062,259.864948,389.279110,453.422269
88.884,274.503015,259.866429,389.462711,453.691962
88.997,274.498016,259.863900,389.489171,453.736813
89.113,274.496922,259.865201,389.398895,453.749295
89.222,274.498289,259.864586,389.344769,453.672236
89.334,274.497742,259.867224,389.323805,453.661448
89.447,274.498289,259.864334,389.310583,453.609927
89.559,274.498562,259.864081,389.268534,453.751147
89.672,274.500203,259.865743,389.405024,454.148903
89.785,274.498601,259.866971,389.522218,454.176320
89.897,274.499148,259.866682,389.496142,454.116167
90.009,274.502742,259.869067,389.463873,454.084725
90.122,274.500515,259.868705,389.447869,453.907095
90.234,274.504655,259.868778,389.448062,453.838052
90.351,274.505515,259.867477,389.557205,454.109879
90.460,274.506062,259.869825,389.668911,454.192852
90.572,274.504694,259.867224,389.636621,454.095931
90.685,274.502742,259.869825,389.609501,454.055140
90.797,274.503015,259.865995,389.489946,454.020157
90.910,274.503288,259.867224,389.410831,453.965918
91.026,274.503562,259.865743,389.378185,453.873982
91.136,274.500789,259.866971,389.382959,454.051996
91.247,274.504109,259.866971,389.595684,454.338773
91.360,274.503835,259.867477,390.070789,453.979779
91.472,274.507194,259.867477,388.739549,454.095931
91.585,274.498328,259.857975,392.285868,453.771764
91.697,274.493837,259.858914,390.625728,465.676567
91.811,274.505241,259.872896,391.232017,468.478633
91.923,274.508015,259.867224,393.324255,476.902093
92.035,274.507741,259.866971,394.527927,480.499006
92.147,274.506921,259.870801,394.861621,481.978022
92.260,274.499148,259.865634,394.783095,483.023983
92.373,274.493290,259.862852,394.403423,484.184221
92.486,274.492743,259.861010,394.337907,485.099306
92.598,274.490517,259.854904,394.297239,486.244460
92.710,274.490478,259.856494,394.257365,486.494353
92.823,274.493016,259.859456,394.466063,486.602832
92.935,274.492470,259.856494,394.739004,487.468805
93.048,274.491923,259.861010,395.036327,488.154620
93.162,274.495477,259.860865,395.548778,488.635481
93.274,274.494696,259.859023,395.717849,489.176052
93.385,274.495789,259.860070,396.096906,489.896518
93.498,274.501648,259.863105,396.784259,490.680160
93.610,274.505202,259.864442,397.888909,491.299239
93.723,274.503874,259.866176,398.567555,491.913116
93.836,274.500476,259.867477,398.938474,492.625395
93.948,274.503562,259.869320,399.800959,492.902425
94.061,274.503288,259.870006,399.747879,492.974193
94.173,274.501921,259.866682,399.925857,493.029438
94.286,274.503874,259.869211,399.948389,493.116140
94.405,274.503835,259.870548,400.051482,493.062335
94.511,274.503601,259.866971,400.637638,493.244689
94.623,274.504694,259.870548,400.769506,493.623164
94.736,274.505788,259.869211,400.802735,493.949119
94.848,274.504655,259.868525,400.803543,494.815754
94.961,274.505515,259.871849,400.831394,495.083335
95.073,274.506647,259.869320,400.752691,495.148709
95.186,274.507468,259.870259,400.674415,495.182361
95.299,274.506921,259.873691,400.693982,495.254522
95.412,274.502468,259.872102,400.952248,494.963409
95.524,274.503874,259.869067,401.107835,494.639949
95.636,274.504421,259.870801,400.870888,494.207719
95.749,274.504694,259.869211,400.662380,494.277302
95.861,274.503015,259.870259,400.598917,494.313330
95.974,274.506335,259.870801,400.625941,494.411128
96.087,274.508874,259.873583,400.783161,494.430563
96.199,274.508561,259.872644,400.997414,493.954495
96.311,274.507194,259.868452,401.006300,494.566914
96.424,274.508015,259.871596,401.013032,495.064320
96.536,274.509147,259.872644,401.209745,495.320843
96.652,274.509655,259.869320,401.242285,495.493706
96.763,274.508288,259.871596,401.258321,495.806253
96.874,274.509928,259.871162,401.226183,495.550828
96.987,274.504968,259.867730,401.273280,495.955806
97.099,274.504109,259.869211,401.419069,496.238504
97.212,274.502742,259.869572,401.454804,496.294833
97.324,274.504929,259.867730,401.486632,496.460297
97.437,274.506062,259.869211,401.561158,496.185211
97.549,274.506647,259.871849,401.654934,496.330067
97.664,274.509147,259.873402,401.735850,496.279145
97.775,274.510241,259.872355,401.819896,496.433311
97.887,274.505515,259.871054,401.984955,496.895309
97.999,274.505241,259.869211,402.006169,497.269960
98.112,274.505788,259.871307,401.906330,497.373581
98.225,274.509147,259.871307,401.863515,497.520416
98.338,274.508327,259.870801,401.894917,497.552830
98.450,274.505788,259.869572,402.026236,497.669249
98.562,274.503015,259.867477,402.011709,497.913545
98.674,274.501648,259.868778,402.001034,497.968123
98.787,274.502468,259.867224,401.982186,498.098888
98.900,274.501062,259.865995,402.019141,498.268090
99.013,274.502742,259.865995,401.960231,498.449840
99.125,274.500750,259.865490,402.095027,498.532577
99.237,274.500515,259.866682,401.969283,498.514292
99.350,274.501062,259.866176,402.113546,498.473477
99.462,274.502468,259.866537,402.333361,498.931773
99.575,274.499109,259.862057,402.357848,499.160226
99.690,274.503327,259.864442,402.438563,499.303388
99.800,274.503054,259.866682,402.486611,499.151252
99.912,274.502195,259.862057,402.538999,499.215004
100.025,274.502468,259.862057,402.480994,499.216947
100.137,274.499656,259.865995,402.554704,499.538387
100.250,274.498328,259.862852,402.833749,499.944228
100.366,274.501648,259.865995,403.335310,500.273313
100.476,274.501062,259.867730,403.422285,500.247602
100.587,274.503015,259.865634,403.558199,500.437742
100.700,274.505241,259.867730,403.666924,500.539725
100.813,274.504694,259.868272,403.601684,500.335696
100.925,274.501062,259.864695,403.810030,500.125293
101.039,274.500789,259.865381,403.944228,499.993195
101.150,274.499383,259.864586,403.780043,498.050191
101.264,274.503601,259.865634,402.096581,487.231937
101.375,274.501921,259.860757,393.473547,465.823700
101.488,274.500515,259.859962,390.138970,453.903066
101.601,274.511647,259.870801,386.629431,446.319065
101.713,274.511335,259.873944,381.915231,443.603714
101.826,274.511920,259.875426,381.962223,443.950927
101.939,274.514694,259.876726,381.339206,444.220673
102.051,274.511920,259.875679,381.124082,444.597749
102.163,274.514655,259.879364,380.144173,443.331942
102.276,274.516647,259.879364,379.156538,444.082492
102.388,274.516920,259.876726,381.892271,444.908994
102.503,274.522740,259.883447,382.418211,445.698341
102.615,274.521061,259.884134,382.516659,447.228417
102.726,274.519655,259.879075,382.348830,447.717233
102.838,274.520475,259.883447,382.433548,448.289185
102.951,274.520240,259.879798,382.685412,448.192349
103.064,274.517467,259.876474,382.369881,448.226681
103.177,274.517467,259.878316,382.610991,448.932841
103.290,274.517741,259.876726,383.176621,448.750602
103.401,274.517741,259.879798,382.345814,448.846742
103.514,274.516647,259.878027,381.685849,449.219376
103.626,274.517467,259.880412,381.742768,449.059972
103.739,274.518561,259.879509,381.544982,449.024595
103.853,274.522467,259.883881,381.548365,449.062193
103.965,274.519967,259.881351,381.195020,448.711775
104.076,274.519694,259.883086,381.307157,448.581302
104.189,274.517194,259.880846,381.531200,448.811944
104.302,274.514420,259.878750,381.766467,449.323600
104.414,274.515787,259.878750,381.670555,449.533585
104.529,274.518287,259.876979,381.482343,449.724235
104.640,274.519147,259.877268,381.428923,449.769789
104.752,274.516647,259.876221,381.394548,449.669309
104.864,274.515787,259.879509,381.383466,449.757863
104.977,274.516334,259.876979,381.531576,450.182465
105.089,274.513600,259.880557,381.755370,450.680924
105.206,274.513873,259.876221,382.206730,452.052141
105.315,274.516920,259.876979,383.020721,451.501185
105.427,274.514108,259.875173,382.710706,451.312636
105.539,274.517741,259.879364,382.079646,451.393588
105.652,274.514967,259.876726,381.718820,451.254791
105.764,274.511920,259.876221,381.380022,450.702614
105.877,274.516920,259.878208,381.734743,450.835819
105.990,274.519928,259.881893,381.880479,450.871324
106.103,274.517194,259.877268,381.878095,450.774075
106.215,274.518014,259.879617,381.729477,450.857121
106.327,274.518873,259.876979,381.716062,450.709313
106.440,274.517194,259.875426,381.648369,450.345555
106.552,274.517467,259.879617,381.792551,450.371683
106.666,274.516061,259.878208,381.889951,450.673747
106.778,274.516334,259.878316,381.920250,450.721275
106.890,274.515514,259.878208,382.009726,450.743925
107.002,274.516334,259.879798,382.016504,450.705325
107.115,274.518287,259.879509,381.992155,450.531764
107.227,274.517741,259.879256,382.063577,450.271565
107.343,274.517194,259.879870,382.147387,450.401000
107.452,274.516061,259.879003,382.287131,450.889117
107.565,274.519381,259.881351,382.440400,450.871802
107.677,274.518561,259.880304,382.402058,450.950804
107.790,274.519694,259.879003,382.397093,451.001488
107.903,274.514420,259.874631,382.374846,450.818029
108.015,274.514108,259.875679,382.310125,450.840686
108.128,274.517741,259.875426,382.306355,450.820262
108.240,274.514967,259.879256,382.300575,450.755889
108.353,274.514967,259.879509,382.473340,451.005479
108.468,274.518600,259.879798,382.560362,451.271728
108.578,274.515514,259.879509,382.380627,451.316631
108.690,274.517194,259.877774,382.204030,451.230825
108.803,274.518561,259.880557,382.140920,451.227231
108.915,274.518287,259.878461,382.079270,451.083637
109.028,274.517194,259.879364,382.158125,451.209897
109.140,274.517467,259.880557,382.441594,451.548360
109.254,274.518326,259.879870,382.515464,451.559475
109.366,274.520787,259.881351,382.538855,451.401101
109.478,274.521061,259.880846,382.364917,451.021445
109.591,274.516334,259.879617,382.309748,450.826485
109.703,274.516061,259.879075,382.270295,450.675581
109.816,274.516061,259.876726,382.266840,450.626306
109.929,274.516647,259.877268,382.438074,450.992548
110.041,274.518326,259.880051,382.589417,451.160138
110.153,274.518014,259.881893,382.618225,451.119250
110.266,274.518873,259.881351,382.545835,451.052100
110.378,274.518873,259.882941,382.509742,451.000610
110.491,274.517741,259.881893,382.484405,451.016575
110.603,274.519147,259.880846,382.403190,451.027671
110.716,274.519928,259.879870,382.676477,451.607619
110.831,274.521334,259.879509,382.757021,451.664969
110.942,274.521647,259.880051,382.666977,451.588025
111.053,274.518873,259.877774,382.586084,451.553718
111.166,274.514694,259.878316,382.510560,451.592903
111.279,274.516061,259.878461,382.466047,452.184163
111.391,274.516061,259.882327,383.297295,455.188227
111.503,274.490790,259.851074,382.443794,457.321089
111.616,274.468022,259.833806,387.101490,473.328476
111.729,274.467202,259.831711,393.703343,494.338598
111.841,274.460798,259.827160,414.150167,518.770208
111.954,274.453339,259.824306,427.980927,554.232025
112.066,274.450255,259.820441,445.171754,594.459750
112.180,274.440532,259.814770,454.261569,659.223799
112.291,274.434129,259.804837,462.949218,672.131053
112.404,274.431903,259.802742,471.770019,690.767203
112.516,274.431083,259.801189,492.062864,715.918417
112.629,274.429131,259.798372,510.785601,739.706095
112.742,274.413358,259.791763,530.132475,774.388740
112.855,274.410547,259.785551,543.318706,793.892946
112.966,274.411367,259.787032,543.784296,802.223966
113.079,274.413319,259.788874,545.768725,813.274648
113.191,274.414178,259.786887,558.812315,823.220284
113.304,274.413631,259.786274,556.305186,827.990858
113.419,274.415818,259.790102,578.520019,832.004412
113.530,274.410547,259.783204,553.187583,848.454787
113.642,274.405238,259.782265,550.984072,835.026785
113.754,274.409962,259.790463,548.216989,835.523422
113.867,274.411640,259.785551,563.501814,836.133643
113.979,274.410001,259.783204,549.590426,834.439768
114.096,274.411367,259.783998,543.336401,832.108734
114.205,274.407775,259.783998,538.737060,831.187919
114.317,274.406097,259.783457,540.146717,832.853643
114.429,274.408908,259.781904,539.696244,834.115155
114.542,274.408595,259.784251,540.563754,834.598016
114.655,274.406917,259.782518,542.267722,837.318521
114.768,274.407229,259.784793,541.171296,836.911508
114.880,274.407775,259.783998,543.257565,839.031723
114.993,274.408049,259.784504,543.878868,839.843132
115.105,274.405004,259.783998,543.158964,844.923733
115.217,274.405824,259.783998,544.290252,842.347091
115.330,274.407229,259.783565,543.685556,843.627470
115.442,274.408322,259.782518,543.849194,843.435141
115.555,274.410547,259.785840,543.993708,845.943084
115.667,274.407502,259.780170,545.270969,846.324278
115.780,274.412499,259.782157,542.354390,845.341514
115.892,274.408049,259.785840,543.416302,845.852237
116.005,274.406643,259.781218,541.286447,842.145430
116.117,274.406643,259.782951,540.198211,841.672441
116.231,274.408049,259.780676,544.402069,861.184105
116.343,274.410274,259.783746,565.366479,860.207864
116.455,274.408908,259.786526,567.730566,864.799565
116.568,274.408634,259.787574,568.197986,865.468962
116.680,274.411367,259.784251,569.516691,866.012047
116.793,274.410001,259.785840,567.949236,867.225791
116.908,274.408049,259.783565,544.960077,851.441415
117.018,274.407229,259.780676,545.482693,854.816376
117.130,274.408908,259.780856,542.193392,850.227367
117.243,274.406643,259.778401,545.661872,862.263676
117.355,274.399695,259.776487,561.231465,867.614344
117.468,274.398914,259.776306,561.779903,867.424718
117.581,274.400827,259.776306,563.854263,868.000237
117.693,274.400241,259.778329,562.493318,867.926913
117.806,274.398641,259.775548,563.182127,868.276120
117.919,274.401100,259.775006,563.280125,868.903379
118.030,274.400553,259.775548,564.273643,869.819819
118.143,274.399460,259.774501,567.042861,872.253015
118.256,274.399148,259.776848,566.400321,872.770050
118.368,274.400280,259.776740,565.081836,872.659384
118.481,274.399734,259.773453,564.765269,871.936677
118.594,274.398641,259.771431,565.248980,871.937516
118.706,274.398641,259.772478,565.758845,873.478006
118.818,274.403911,259.776234,569.949768,875.107900
118.931,274.405550,259.778148,567.598397,875.290940
119.043,274.403637,259.780423,567.993812,876.551821
119.156,274.403872,259.778834,569.542714,877.759682
119.269,274.403637,259.779376,570.001761,878.777126
119.381,274.401373,259.777281,568.764133,877.870457
119.494,274.403911,259.780423,569.454782,878.331568
119.606,274.404691,259.779376,568.786747,877.758623
119.719,274.401100,259.779629,571.150285,879.154871
119.831,274.403637,259.780170,571.922814,882.143011
119.944,274.403911,259.781109,571.732810,881.790663
120.056,274.405004,259.778834,571.633444,882.480197
120.169,274.404457,259.778329,572.408738,883.465528
120.281,274.403911,259.778329,572.402184,883.321857
120.394,274.407775,259.782770,571.970104,883.117528
120.506,274.394737,259.773273,573.757982,886.002743
120.620,274.397235,259.771431,574.994254,887.743698
120.732,274.396376,259.775006,574.996415,887.782678
120.844,274.396376,259.773453,575.161038,887.864306
120.956,274.398094,259.773959,575.260277,888.310983
121.069,274.397782,259.774753,575.135891,886.977538
121.181,274.397235,259.774753,569.208702,884.133877
121.298,274.396376,259.774753,530.081265,876.496026
121.407,274.401920,259.777353,463.002869,795.965729
121.519,274.405824,259.783998,397.320186,623.427339
121.632,274.421635,259.803790,362.699663,401.987725
121.744,274.456385,259.838502,355.199875,400.959383
121.857,274.494969,259.864334,357.789981,403.901506
121.969,274.483838,259.845402,358.802779,405.957713
122.082,274.484658,259.851327,359.677627,407.235256
122.194,274.479972,259.853856,360.827919,409.152288
122.307,274.484151,259.849954,362.671423,410.177262
122.420,274.487744,259.857722,363.303885,411.320892
122.533,274.485205,259.853603,363.761161,412.103760
122.645,274.483604,259.854579,363.993652,412.650331
122.757,274.483018,259.852556,364.167429,412.841882
122.870,274.486611,259.856927,364.807650,413.158304
122.982,274.487744,259.856746,365.208547,414.442976
123.095,274.484424,259.853097,365.435545,416.044349
123.210,274.488876,259.862346,365.550710,417.023472
123.320,274.495243,259.862852,364.941564,417.108482
123.432,274.492196,259.859962,364.684899,416.745456
123.545,274.493563,259.861010,361.668720,415.755716
123.657,274.490517,259.860865,361.769065,416.190656
123.770,274.490517,259.858770,362.161146,416.636573
123.886,274.491923,259.857975,362.279244,417.183966
123.995,274.494969,259.859203,362.367796,417.481172
124.107,274.493290,259.861010,362.492856,417.491449
124.221,274.494696,259.861299,362.509555,417.591232
124.333,274.497195,259.863828,362.656751,417.794688
124.445,274.498016,259.864442,363.230524,417.898721
124.558,274.496649,259.862346,363.578724,418.644842
124.670,274.494930,259.861913,363.677028,418.967659
124.783,274.493290,259.861299,363.901601,419.242441
124.896,274.497469,259.862852,364.008285,419.371921
125.008,274.497195,259.863394,364.079003,419.532433
125.120,274.497195,259.861624,364.136330,419.626525
125.233,274.499656,259.863900,364.356095,420.201088
125.345,274.497469,259.865490,364.794791,421.005687
125.458,274.496063,259.863647,364.992858,421.203319
125.571,274.497742,259.862852,364.941564,421.240331
125.683,274.497469,259.864442,364.935866,421.287905
125.795,274.496922,259.864695,364.888284,421.214523
125.908,274.496336,259.862346,364.821273,421.223415
126.026,274.496649,259.864334,365.260130,421.285302
126.133,274.496063,259.862599,365.430129,422.073990
126.245,274.496024,259.861118,365.508017,422.363923
126.358,274.495789,259.862346,365.568319,422.432731
126.471,274.497742,259.862599,365.646250,422.477959
126.583,274.499968,259.861010,365.700515,422.449210
126.696,274.499422,259.862346,365.647369,422.474474
126.808,274.495243,259.863394,365.819043,423.010328
126.921,274.493563,259.861804,366.178266,423.363523
127.034,274.494657,259.862599,366.144381,423.376195
127.147,274.494696,259.862599,366.098401,423.420768
127.259,274.494969,259.864334,366.060632,423.410571
127.371,274.495789,259.864948,366.060573,423.472341
127.483,274.497469,259.862057,366.032899,423.445096
127.596,274.496649,259.862346,366.509267,423.636372
127.709,274.494696,259.861804,366.610136,424.349678
127.821,274.493563,259.860251,366.646922,424.448849
127.936,274.496063,259.862852,366.717908,424.633542
128.046,274.498328,259.861804,366.822174,424.697254
128.159,274.499148,259.863105,366.701402,424.646781
128.271,274.500242,259.862599,366.592868,424.632665
128.384,274.494383,259.865201,366.792582,425.193670
128.496,274.495789,259.861118,367.139555,425.595518
128.610,274.494149,259.859456,367.143822,425.664357
128.722,274.494696,259.859962,367.137362,425.736002
128.834,274.493876,259.859817,367.112415,425.712583
128.946,274.495750,259.862346,367.118874,425.656651
129.059,274.495516,259.861804,367.088536,425.587080
129.172,274.494383,259.862057,367.420725,425.598160
129.288,274.494696,259.860757,367.562792,426.152856
129.397,274.495789,259.863394,367.527357,426.351868
129.509,274.494149,259.862599,367.560299,426.215428
129.622,274.498016,259.862599,367.546172,426.162708
129.734,274.498016,259.862346,367.526645,426.099118
129.847,274.498289,259.864948,367.404767,426.118378
129.960,274.495789,259.868705,367.662417,426.686431
130.072,274.495477,259.868019,367.866597,427.135764
130.184,274.496336,259.865995,367.847758,427.295509
130.297,274.495477,259.865923,367.727449,427.441459
130.409,274.499695,259.864153,367.612065,427.440795
130.522,274.490478,259.856746,367.611709,427.417093
130.634,274.494696,259.862057,367.564692,427.653463
130.748,274.495477,259.862346,367.794162,428.256548
130.860,274.494422,259.863105,367.953558,428.991708
130.972,274.497195,259.865128,367.983642,429.222359
131.084,274.496063,259.861552,367.944462,429.060751
131.197,274.498836,259.864586,367.857148,429.007148
131.310,274.504109,259.865201,367.798142,428.845657
131.425,274.498836,259.862599,367.806876,428.927134
131.535,274.499695,259.861299,368.806193,429.721928
