timestamp,a11,a12,a13,a14,a15,a16,a17,a18,a21,a22,a23,a24,a25,a26,a27,a28,a31,a32,a33,a34,a35,a36,a37,a38,a41,a42,a43,a44,a45,a46,a47,a48,a51,a52,a53,a54,a55,a56,a57,a58,a61,a62,a63,a64,a65,a66,a67,a68,a71,a72,a73,a74,a75,a76,a77,a78,a81,a82,a83,a84,a85,a86,a87,a88
0.1503624515556558,442.9403327949441,369.0397875735384,345.51089364461535,322.21042464920663,389.3856535396767,407.2671078986327,389.32759479182664,409.9910062616482,318.5829838636776,425.4698045716283,378.10367324133745,354.9277178878889,390.4531213507432,400.9668382989662,438.65780616959233,475.3744129061941,386.109181245746,397.8126598631353,454.3725887136803,396.8199581701724,368.5852754253,426.5050012933806,476.64892633939473,409.0331460294166,388.4538664526802,446.112744404665,433.3347151256802,427.60034363383033,378.8227015171701,403.38197473778223,335.58837856166394,323.2697667378426,334.91209841475177,359.08522757116793,467.23046015356226,428.84392292727466,438.7188994059085,389.34989994776464,439.36599427020457,345.10307814080613,380.241612053155,425.3933375023569,387.33223442104605,402.0598850405259,417.6417962278747,311.6170310111148,428.7758565000577,364.87336841237146,355.1903511679021,355.0594462775606,358.2656224481208,404.3117267408861,435.4325807329976,427.17796587238627,368.2418527738654,415.7240941095963,430.0228198740157,336.404622218374,348.1489411318734,373.92899122540695,425.1072356833204,413.6714014822395,386.8717057954317,434.28852030094447
9.754233341206351,365.0507148847537,463.1850113128745,395.1888275868416,428.7526936700676,420.7884165692139,373.63626675672225,370.15175799042674,362.5743705375124,362.8653486010364,395.528039207819,476.7020199904506,415.021794284411,380.9206679685303,441.1796771406294,440.957448275176,446.7652924643497,433.74055533861423,467.377485948719,403.0262640832225,334.66196242324315,388.16861516121423,413.1718198541201,451.0255583478588,413.78315540855886,409.2706667213939,436.54169961899447,381.9821537299172,373.8440324569648,486.5430767463697,395.7099031679492,401.5557605042144,355.5430608632122,331.58539396430655,370.28940469630766,424.7588050496262,369.60128334027246,364.3893431341004,425.91091029333495,438.04674607105306,416.7337269309735,332.4892810916085,406.04360593306103,368.6907546137645,360.338938001802,393.02231308672685,450.6997336138863,401.1327627633434,400.18874206597224,411.29751897292783,393.1413103929544,345.05229864904686,346.60710720098064,416.34987659517,336.9074480533401,480.55749909324663,358.69670513391657,332.65129363093934,427.68772873631417,382.94404228990715,432.4303419792381,450.9571263615832,369.1344953421197,406.3246925005227,379.8049819855106
19.361247678478353,404.0268955529704,367.9570159215417,447.42460292886415,434.0787403977429,374.60001905343177,364.289925230075,363.8759435165268,469.5068832936181,328.8286872950321,468.02899741614306,387.94059162859423,380.29519627085614,419.5039760471094,395.53032807385057,424.4859267365801,410.41289504384224,443.2449015583749,312.32863049428033,398.1948216432447,399.3670846923954,449.23709878979423,369.1218972121677,418.2441693091343,416.67339136422606,361.1196237256331,417.3094657919471,368.4369190227331,391.8282950588303,437.82267022249187,384.9408786573092,463.3651356861628,465.9714724961006,347.5111120667699,495.3611888108835,430.1435150671279,355.63267502941073,455.96613015476606,463.98236906041393,402.310815998886,441.4282517026438,349.74763208996296,457.12675264794046,400.82765456789457,347.1839523320575,382.316539503729,377.9804902737408,344.48903293901185,393.4682749629732,389.1522906220448,357.7139231505814,391.24258967645824,449.1073355836363,362.90707438371,393.2378007628532,394.9211029132605,419.1048685941038,475.4476104233519,333.5862168666415,341.0849505482357,403.90150384111666,443.4745107966761,467.6914516973834,359.1804510502046,403.7571708522498
28.96347782876834,392.2861907851555,433.16969202514304,431.8956075661003,406.4954620417714,364.5949519035437,345.7636753052302,454.5777773478425,324.88925433565106,382.73368103858695,354.91445613695953,381.1474505176165,400.8258406538852,402.2012275880827,421.780396681561,373.8847687048999,422.21674404496105,364.3369854090597,358.66824285391033,386.5415400756783,397.48230971804435,473.2681959828176,459.5023383422755,351.54074700072965,429.7077763463998,429.1659729450842,362.668226538271,451.41394195432713,346.58335176089173,373.12807911071593,379.4428017344668,431.6320345582342,396.2531648391958,414.8886815825865,386.5020232718731,393.8492160901039,413.9812382943933,400.79211603697945,305.27123802619843,417.0605799043218,462.5226933088673,351.8825756450791,424.8221397576359,370.65157496801646,337.23498129164864,432.0007752630295,376.9515256858035,410.5091968229225,428.5001888110792,393.40762692165583,353.5948950351878,456.22804647289814,406.2623207967357,420.92762022618547,397.4452879259153,418.49056826598974,343.9461975598381,456.27721878465854,475.06088944116914,343.0803034566614,417.1366353075168,387.07935327054184,413.4343990990274,424.4638783201456,459.742120428388
38.56391781782428,417.933814819471,350.7064951525428,375.7824334965183,463.71570029865984,431.05404002813145,398.6291617385252,331.12597152226516,379.74400259591886,308.7808247113091,419.66853760133495,376.2002254367933,385.3688618255599,431.2082174854455,408.6220498687908,362.7643505018118,387.7784457284263,392.0556275404242,409.6772018582725,459.74939522754033,428.5147030595885,457.363428148862,453.04099625481535,411.95847419766346,471.5746649535903,350.99693320718256,349.9625596159216,410.04859302864105,434.8912043285098,387.0370524650774,321.9683143699237,368.2698970878607,416.6255125009524,399.54046587538784,415.8698258110275,411.81686701530623,350.0637221801143,347.24788905713945,384.3188851382621,406.9535030042425,398.0047733855649,489.5869057722134,398.4956378518102,306.23189057727836,338.7562492373935,390.4988353168633,423.014880423952,382.9497946521189,351.02774086419555,357.2413716907438,340.3966268510534,397.03295879248634,332.0963271619541,394.3802415675642,378.0550646848187,401.9854308309272,335.8216928326521,386.2092047104316,430.4794682979952,394.31204364290346,348.27011122249894,381.3916013720032,357.3350622777408,454.4756092342288,451.6069891450793
48.1636482416072,483.8343099677572,441.8390633409397,318.6812144255932,449.82089560880047,479.0937427285546,347.4199668015278,443.50761850316786,397.5467913823728,389.0710043203164,435.3355039602218,337.34873887443064,412.4396876374177,416.0704635626525,340.09917671223724,370.6862035046208,390.63663577326406,369.3766921403775,395.58414125025774,387.3586305868283,477.7237157198522,474.9503691666382,439.6683052497175,429.500910983086,335.14548243504225,395.9212354940243,401.1471800274626,373.05594145399783,325.5496255884502,389.0993133512958,423.6724374099894,380.38992432762177,411.67059748947776,400.38749936936506,335.44480018628644,379.002220371809,425.0892996252472,373.76232106392854,396.57898950183073,439.741741488476,455.71203658429033,365.3911706987011,378.7557655876716,375.46215478134377,324.7667277351265,413.5045468490789,384.1496381216142,420.3357247734742,458.67416569236735,370.0507566674957,362.6257370776748,457.0755796781723,372.9619044410829,422.3308438948732,398.3948575195078,366.79151647639833,333.94699823704076,406.86656076717793,320.59640532736614,432.2978485905839,376.86935530231705,421.3098748764683,382.4611735007026,420.9629184997441,437.0060333440564
57.77806993800162,387.9453631349384,407.8515435082303,383.0021854132751,346.7252726362765,367.9593867824718,419.15054761039426,454.54161003626774,397.1465258264136,416.51702744949193,394.2032604854119,335.9882671328764,359.282962247182,407.3726796782496,341.2509712412203,462.1319762059378,324.24989979501424,396.62087721064745,439.1334494795239,394.205082623614,377.7216362903653,402.90917109930183,346.3818663869978,375.86506902500497,440.06451949378663,413.9833568703175,391.7621359630474,444.15565184335594,418.63688099650824,449.8666067215173,435.3168100263468,391.3293940853944,352.541871110064,399.95559388716833,434.3966624500584,409.9230264594471,394.4525836852616,364.3930537789613,463.50347698837174,346.84411985667884,475.733910331851,409.6061551571712,473.52923976696695,364.18097726092014,378.7934860434472,313.2660537767691,443.41094236359794,334.7922403176349,330.126958663057,420.8397333816455,429.0848871376313,405.3909949498059,307.67271661149596,459.6712147946848,355.0543437258266,461.2873547475299,445.92080734515673,399.7338812580925,440.6558145810316,487.6566514499768,376.7129826437728,435.73034227901303,415.9820148177886,410.3265295772356,430.0516734000058
67.37638311705702,390.7956926095824,411.6875760509989,439.06233838395184,367.0280231018628,457.4974166230368,376.4029991745755,379.6444793238327,391.1277151106189,313.841016152856,360.9378194502547,335.07663891292583,396.47291833642566,428.63166314514456,397.3827123391675,323.0384066533262,339.6816502378271,338.1368555855273,383.9772062141137,348.29160741946885,451.0825501719979,467.06180995229226,410.88294709152046,430.9933979730979,333.5774302082696,383.9949627684728,446.5805469353651,463.95123391835887,437.55299057499184,410.2383186039296,326.8576163823104,322.1078609503285,458.2108109188395,365.6961786437532,377.7512352831572,397.4170642034207,436.17459329634926,466.6992000966819,363.5150641134552,414.2287671598899,401.8825119254333,462.68116542673926,319.3009456826224,362.3796845307399,349.85226934237915,413.76612409222673,406.78215894330265,384.056706526704,382.0273277982062,358.0829952659875,435.162966698508,355.5339775413214,396.062027369485,349.5315262750081,438.34752948852065,386.55849056582986,477.7464419063068,403.76939022326144,395.7448239931389,424.8141149622019,389.7579332029368,366.3932958878919,365.76485824964715,365.3993233176613,401.5947965386247
76.98634977222993,336.27084020655,445.7021869487588,436.1267443909855,365.7871890573174,436.6646388984332,393.9811048169076,423.151162697806,400.8892521750048,359.284067417859,374.82733663595513,367.4297862472844,477.6569237529351,400.1526716053139,412.3606545738371,448.1585614488156,429.09767766448954,443.65919311813275,350.9128381513863,400.3194188909486,341.83802436007505,430.7656554333741,404.1122885373703,414.8566440187281,474.4718766462293,346.9126124382576,440.5628034497553,424.1218484264276,346.4836011909707,426.7442675475063,420.0816040291977,433.9683696540717,460.96977774054136,428.7367691494484,348.9705026332985,397.95298599049545,380.91394850163033,383.5666136991307,430.10796306492034,443.0607345091818,459.1073818055831,391.7585072914851,390.88768097826903,322.7511481427865,433.9353292133048,345.8027956884455,372.86838935209744,461.2415687482215,420.23394118197626,391.7275359004833,368.57172703938545,372.1699113115628,422.42225282259136,387.48699196048096,419.3575298798411,387.5482735862392,441.43666552490754,356.77208996995597,357.79119690800286,422.16601078269593,413.2755650411556,400.25116793287793,431.0053687485927,329.2210926803916,359.3373587462105
86.5923347314309,467.23983160147407,436.32736661174374,405.7773549422384,318.87897674222864,423.5348831537177,412.651409211656,355.6155994348811,387.6071373567648,440.4337940140533,443.7824191447618,473.47207384031583,390.3688311156578,369.9342683289817,484.254948941756,342.7939263721238,438.3324992546759,464.5367575664711,424.5838669045211,409.038585195977,495.0326048815198,431.83820972758,342.0212410235988,342.76304587859227,360.0593881289503,386.4746239176834,347.71192040178414,308.6880690419317,386.5556175777948,415.54890939218456,377.7804303495692,442.2333099963168,437.4945074997133,374.09214437640753,376.173276735136,455.019120893576,394.638424575409,426.5488771647822,385.4739664441141,415.61819034916607,441.6103847191795,437.7556792366043,401.9598474679411,445.948967190665,348.0290895911379,397.8783181260802,395.8660958563083,401.5693883024582,385.9661508529875,455.3736474057103,413.1423405105611,392.7414439831739,406.4113196867696,479.0680414186338,397.74803917607926,441.6091847771167,399.4524655959515,357.148809059597,360.50473693499305,359.2015885517178,341.62796115342616,337.4384046626793,371.6610571617532,435.7208190950632,428.8762014541011
96.18946334149976,394.3996967284015,482.3328188983787,371.73769287260336,464.2820060742551,332.52453179493773,357.8989011830814,384.41078161556584,400.2645616418389,399.3982363243581,379.550324307265,389.05677682462726,369.10561178427145,417.6839501424794,475.0641606094416,434.9873907888711,330.50078172837664,448.5196476565383,373.1738625963102,424.7509880833322,382.75316335244065,431.9290049946091,318.5337244868351,443.0455741719061,335.0682595558071,345.0988795410624,404.149249529883,421.5258006832953,412.8193107589389,418.3573012046635,371.8625424662938,377.70699891136866,393.8484069097262,454.2783787497083,478.8819813804599,432.37175618596456,358.1552890784557,332.03870689415845,448.7072292305295,484.6834134910554,437.7687914132708,480.42421043100376,434.19381763433535,427.44221054630793,417.2202523101181,395.589241333523,446.57954088813574,404.1494158095346,324.124731531082,357.85297690405935,356.4374922779607,451.3119585885017,402.3271714332466,319.9513317583317,401.7871688125349,458.05773173712294,384.2551335943938,393.9990299077496,414.3064996540718,454.6824303798259,415.850926580184,371.2467497838402,358.07291851972985,441.6791336317674,433.5614132315269
105.78964103504512,411.4659884033734,371.79883861781866,355.87229777191794,364.1394301779161,420.9043228419773,485.6024757758378,400.706614519527,391.9620434748226,388.9922342392482,410.1352804008381,425.6276902234061,408.0285776856416,397.4206597980087,427.7920299067629,414.06098101096256,395.3390052585895,454.4140023951418,414.3895417078889,437.8843516977536,354.4795884365211,434.6960714241879,437.8123692259182,447.696192773351,420.4738045310885,483.31442001377786,430.80389028004697,376.8260672630628,320.82885466793493,376.7177598535428,393.17334757961584,444.7664313320634,426.5851976902531,377.2853154323929,377.6865745498325,421.3234380301693,428.4104642529011,388.7344312893183,384.3601775796054,481.91646475348387,446.8123160204266,339.64305944352327,403.9067369369187,465.1210084713775,478.5021360640527,475.09042526400026,353.47737896345654,341.59966750069646,405.26292709246593,469.1829610298708,342.10641933943646,463.95585487904384,305.1962864838582,320.21125741489783,401.6479423538649,407.33382027191,340.8061908109073,379.8864124547365,397.5902116417828,425.1452151993536,421.3140199897652,406.0273169754023,379.2471093774627,423.13488070826565,391.5647585628469
115.39376178429782,375.7474193801935,353.3995642440809,430.9030633996273,317.525511761477,352.38208204234934,363.58829273057927,426.3895395792293,417.2768681186963,361.82816299528974,368.5576540813955,441.9375192712755,432.09162131780306,429.4388332449351,430.2214947295546,442.86375649479623,475.4458189556155,375.0909357284543,420.4784866384048,397.4710624112204,365.9108163654636,412.0926389005395,406.9591282758354,415.67896961843144,408.87838716297745,463.5690795493106,397.590451440003,405.4719058982837,445.0470161661041,404.1605882799063,348.5834954032201,458.28157275692973,308.9740518260112,327.98391995383736,376.1783481126331,431.46158555725594,390.5381686982366,360.4229067018458,341.99506515405307,318.22190923146377,399.1909296669197,460.933014753232,381.6622002826928,394.7152199092308,373.084071965927,423.94476527711134,366.22228134138743,392.11628084871626,412.5113944521792,363.7829038699769,455.9066507500206,437.4109056595174,426.87293639883967,382.22901553728394,401.65358454148566,413.1306303503078,377.7746042151311,333.48784619210005,427.33676777823155,332.6053186846937,336.3804958615241,455.06296401559393,434.49046855256296,368.9396700122695,449.6406034443171
124.99061079270048,353.10204281234917,412.51199945323464,397.586192096137,415.3021285338179,386.3906974212342,434.1139650696823,373.3110013985813,392.8725233638218,363.4935313306483,405.3235021034893,401.68572838961506,378.8596398721244,436.4517179718726,433.4951588268313,388.4211577741116,396.2794691074037,454.5636321293046,460.4102802478012,421.5080405447842,406.8318251923391,320.03553646499677,396.21331834667865,410.4572393321547,400.2190036465876,448.877104151307,386.5795650731147,422.5269812709822,406.3638817812613,371.79281897413193,404.2357755436868,433.06638189538046,378.6058243373636,365.8904408700934,350.44337756176856,428.1429161345027,381.03202180970936,438.0428370512388,467.7008525242851,442.614369228398,404.3632627110901,480.5813383353146,355.4163771668817,378.7390324541983,433.0321539646846,367.05007493879725,397.6414153120989,431.6671809262391,409.6249451978346,358.49783961416387,323.59101027716656,419.60709211073635,424.5400069282225,400.6742854604617,405.75453398715945,361.270886216563,398.51939383708066,379.8023016999748,451.5122542066349,404.53071213552306,422.5223375851969,446.64841963352535,404.7116892574426,402.6334148393367,414.30168621646703
134.58956055934632,440.94501135114126,403.3271175032024,341.4124845048442,389.7584706391825,411.6354050787065,389.5183807400039,458.0666241663419,428.8239645067087,410.0514859170784,421.61678950644887,403.31973224986984,482.7396631287412,428.8126172576923,465.06774826645824,463.2452318145019,450.8964654145702,405.5057523719561,348.88527463893473,469.75628585134734,428.0598835582554,409.258870227666,371.1657333600333,411.4889215282296,358.1769351933912,444.47015099420406,419.41536508765216,428.1744354966429,414.1497235473953,328.36951975569923,396.654142392223,335.4273593606344,404.15401104547607,362.490583909452,388.488084570176,382.780480111738,354.66443363539565,391.93555054195775,478.62435742423185,397.94448404473303,404.95982530231606,374.02653526496863,366.40956638881914,373.6595366966653,465.8064428028397,350.3718432053482,406.4670411633566,374.2923052298846,410.5831395385624,444.4703814204306,406.91400024328135,391.02569257524385,448.9906088665575,429.2517471048336,467.7412259023732,401.6211509658276,355.8570343305847,371.13469601748454,438.94939169996235,341.15039314203034,357.81978667071087,394.0163577812468,404.13278544046074,418.52951003096257,364.0328601900288
144.18706905986826,389.32225855131173,356.1402010952677,466.1446033784756,349.50199548632736,398.0887443975363,451.947542931674,440.25086165069786,402.4404953266516,412.29816191407696,445.4937333779927,439.55621287579754,394.2695976622498,496.1480665951916,373.45244478653854,372.79487348794606,406.87854463333383,419.81071806751663,423.0238822236547,424.8569141378349,401.8792932424335,438.4474071955814,365.8306130101925,342.8922108632534,381.80085599393885,475.07095371423384,410.5402526640272,459.8872665495224,426.78681769680213,378.6194684507798,433.77870278488786,460.1716428969139,454.4362584658985,351.36369154343936,437.7886635507408,403.3687223784543,474.7281547600458,391.43693208268934,365.5201230911138,344.4289272613752,391.24572881279835,423.80272460060866,385.89013112231305,370.92115271707286,404.29889188377473,439.85415190304514,413.3855894719504,464.10140775293297,453.75845261950013,418.5160131127624,374.5582552460835,440.0833591179951,446.1577329277232,455.7343770435451,450.6673872590015,399.7641811931118,407.3682072738534,354.82506762666424,386.7571537474595,347.65933014316806,329.51889947593764,344.9787538815974,411.8039714515302,495.6928056688304,378.9889963405583
153.78520867135697,366.1035896537386,376.4474258831541,411.458540679005,399.63134536519226,433.7006081826106,416.5965206434089,472.8108282715806,371.0135406438028,353.4787111871883,348.4770132704592,335.9202169624007,359.6501367045287,450.7377349374566,393.4040207648371,426.27776943061554,436.4718211010039,413.0689350693704,346.83749736440257,473.2687201098038,397.5803774943861,339.79139674633115,409.1498297694055,364.0434741068523,469.9655255312702,374.30847104933406,454.2653791635882,354.74905066881007,463.5277802815445,390.29352590849794,429.7296257131829,420.90510357882215,459.4687149647649,358.8846912248015,402.51049467709106,414.4191829331196,472.84738308907936,377.1408326036668,352.1284537743663,364.4590485399077,385.2894860221151,354.8713396575368,379.07626464394264,437.70391005879065,404.26292774916215,367.55625925757533,385.6985168050189,438.6209343476264,442.7224714908661,372.3006190053869,435.6925492308504,425.4857933902527,325.61964784669965,398.9756160985768,321.9064491791463,329.4278783061703,394.0762012644294,410.3839123663579,339.2534426560769,499.1089666656272,450.6383764010126,427.4148943367585,450.66047554922585,391.798970252246,427.0074212180748
163.38251807430336,387.8811376152353,370.2807683512451,363.9868082369801,434.78117571996165,382.28005448593046,355.8927276286497,345.6051538637246,358.4562349945188,381.7628446875917,443.51068374166584,386.69865811089215,472.0751989625912,335.63200040809113,404.546201852605,361.5761519979302,408.7290816535091,360.9886804329154,367.29066122347297,384.4564261352665,383.7419919289413,366.77806236918457,383.2963074804423,451.9972394308493,399.09950470794746,485.5630120102836,418.63514933777384,369.7667895966939,479.56599562690224,369.07229726145863,394.9865491114052,398.911250945215,306.01971496882925,438.2491542487195,340.22799255588643,386.8078569172115,386.99289513881615,391.5226835328885,424.26771339453467,355.8566676979157,356.8086475959842,488.0054707824596,433.23155306112915,379.4234385260067,400.5969147570357,443.12626096179326,372.98954095878514,423.2638489301109,331.63305462539546,380.0060591895831,430.8149145313718,413.5041576109909,330.42435242836257,394.16222486621007,352.93717055206946,433.0030514092143,408.3759741398235,328.44339465019925,348.21633604802537,388.15108191116315,368.36746507153714,459.1956279383892,372.0927852334582,442.4857739604073,420.16499291196214
172.99006189702945,476.2720402815063,351.9446270858473,370.41190616426553,393.41497091680753,351.44620746983924,457.2288551774252,465.4457212874853,356.2434184283285,355.35992294269016,359.0256706488837,401.6712857474394,405.40476767516105,398.22862871929647,359.16716880373434,337.23021839172077,469.4409409340119,407.4802453163859,399.97972018739694,441.29735320951215,426.31248497097863,410.8628358083988,382.6830780582901,480.0168829703181,472.902928520401,390.41001660675215,414.6636080263261,383.84887891018946,398.6119637621315,397.1801385481491,388.87685057464137,330.56653755294855,364.7213567898097,400.8706253792252,380.0170200188735,420.7858100987034,392.3376217358281,379.575218965778,314.19769020116416,468.0643207441925,352.91725758106907,405.6795913271526,361.0097912177289,417.964200030648,438.59124093162905,380.83990679835745,454.6789492791198,389.2455306177136,416.16348269134176,368.3996895088666,389.0467946652752,404.275044183559,421.2079654632926,466.84825317285345,425.6188578088274,340.6389082535701,443.0843247185603,331.69555721478037,326.30705919843876,339.4712550846906,410.29919747277086,367.9750378285214,369.1490047363576,397.0776219914778,403.7487146535734
182.58483135588048,414.8610408505705,452.9862825338316,356.4088153475115,403.1068375250261,368.4462814793517,438.78547422328194,438.2645371605435,373.4055270386068,432.1916724642553,314.71538420915306,365.6288712095345,398.3321034684226,410.14460771699385,436.69013064092593,384.5405988202633,389.8749150288061,355.9099198855044,442.8185512219149,385.367856277468,404.5360706172504,316.6442873645334,442.76649075696,383.48421836610777,349.9724414971229,490.2240938603072,420.2258590128473,458.9871051874118,349.8556717455757,360.9212895190212,386.30778932332976,375.7746797837824,404.8105076308898,357.85207501813613,452.4537418403777,437.0425028164883,496.84077136475594,343.0686114863512,385.527537816244,372.6877449317888,375.4608440469258,346.54742385827046,354.18713444678207,391.04261328695213,376.89792860030377,466.2322890495944,374.88841133505264,451.8269817859307,433.956323339768,365.1927189907676,394.1241336024081,357.57563638980866,403.61397153325174,410.62440870544094,419.8191371026317,430.56605552539946,406.8022157257682,367.80553938049593,438.29337795566414,395.1907174161761,363.6672000668747,320.8841291585279,365.5347907628485,416.6468990871585,404.20908135923867
192.18970257364208,397.9886866586892,434.18161368326525,377.0127549131984,382.95879231328416,336.38839057758713,349.3596147585192,413.9903966672522,432.13380864727696,409.6082790315321,350.5878258507283,423.1423394265617,467.66399963424135,414.11330477187016,328.0479772483094,424.9662284329487,381.1565446895341,443.0083227195274,360.9161488803829,368.15725707924224,343.1221126862897,493.46694580597347,434.83449512839377,382.69795442455666,425.93200952586176,376.5935935676392,418.56205581800543,399.6149434127125,413.5222080007457,447.3375034240375,352.15674070727687,391.2286629396387,347.69734243772837,382.3924131368269,431.5336095716293,459.8596642753911,490.66858161742346,420.7892303952774,388.22910755069427,435.55236114229047,484.6907957348573,403.6915690712176,418.0290001432984,408.49019582443015,422.59464073885425,488.9078264056924,374.13743625317335,407.56124428965575,354.69260983331003,403.951260860691,448.214486332145,471.4956015612361,405.3276501028443,422.6244980339163,465.2747110347495,464.84955130813506,374.5729528928924,444.9825593669027,443.2532895152047,369.1861451069848,382.77696290593445,427.1933395193547,408.4817295144298,455.5532922176181,447.3602073047441
201.78366377543048,339.9783608414668,371.4149764991737,398.0201903962572,336.34562174329704,344.5452713422467,344.86821075926787,419.8488260674806,432.18803021315017,383.92870505306934,456.0873930965081,382.6932610046571,431.58783619970063,441.6843463150509,400.7717559015693,417.0611882713393,354.07023089833365,474.44787245934833,476.615093345541,426.896053389538,375.8466726584054,459.294331806744,343.8140545958321,485.94703314222375,380.2246526400977,385.94565220302985,346.2724388751807,321.6216622763817,343.9218119072301,440.39036729229616,329.0560166367081,373.0052956845216,398.544928880361,421.8584326491043,392.1043470094577,472.78445573441337,407.5886684182258,465.4072627330124,387.88363650278745,460.1519494542927,452.0464748778585,358.9651501802636,417.4875586555594,395.4206975241175,325.96557615204244,356.102511228077,417.7813527617705,419.26384753274874,391.23986734526824,420.68109946756465,471.17471326911453,473.67996040084466,398.47405537465056,360.5125515462336,389.45398027036833,402.53327639584415,387.2650300992128,376.643134977756,440.0760854327248,416.4124687389433,336.0059874799525,425.7112610586837,419.73697970310974,351.6010401172857,481.6581873797346
211.38392439136376,369.3584768498414,415.3213577912884,431.0894553607214,428.6120440387256,323.5059285648688,462.8528939353781,415.08375995690096,426.3321872252998,350.82338162770475,384.12269633128153,394.25587810771606,381.02386950819175,411.28745394048184,348.78858653414954,415.060973375119,436.2023305842609,319.6752285269018,451.1381582089537,437.0279399126494,413.0012702088002,415.6259298990824,441.6310241407988,421.30938191059937,346.66045020160954,365.39334751792046,443.3536721122241,392.9587520335393,352.2739505515288,401.3308912990211,428.1001009248714,414.6133201966851,399.4797608591963,380.15198815714274,363.3817694432332,374.1502597044732,392.6847223150369,421.74757364879633,339.4072966629544,391.6876505155989,447.76880348684494,422.56468818813016,443.05330947886694,415.3357137323635,460.4693576632317,395.5491327127485,446.97477876727606,422.6067219501539,341.0974229599825,346.4194812610353,422.78102977599895,339.86096650719696,367.9124046459485,396.325243351471,318.05470870214856,414.7789834380131,467.2910637277105,456.3553991517931,399.1842384854672,446.6530057497605,450.3247003367406,404.7756273165407,423.51060126820096,319.78122172242547,409.8192997048668
220.98532719749423,345.57289465827455,450.46185158797925,405.2431171559567,466.31667751936664,385.58050206697817,452.4187708628773,403.60448348833506,341.7317363232106,485.57629154385575,424.4350491912073,415.89114761514566,482.493911449497,443.4172145390662,433.94419350470184,370.9208690365509,407.8667523898076,349.64518159037857,470.8632842647029,329.0148487329441,427.44341781756737,414.98949413700433,418.9983210467764,404.9400558748962,464.9898300966942,439.4761391541616,420.1967691932982,453.39912587780555,428.7291953874501,416.8167358932771,429.8012211623701,311.3493715011488,391.38278663109935,431.5559604582072,372.60402338502695,455.4172647216289,337.89413232674235,346.5542816458428,374.2465781226118,442.1436267802652,428.1925888981953,379.67767557010865,370.8051030199647,391.1329126769158,410.9245691898102,385.6476810244841,325.3430833110218,344.4301771143099,393.3621649317837,396.86331185625806,339.5971146627869,435.106710733559,414.065108682986,429.2051334702109,428.3780322753667,386.6521341357235,399.02835602712855,477.1071821787888,439.6624892929333,346.1628329010949,389.8504419680564,352.8450607261269,344.16736868359,395.2648164303462,494.4195908487455
230.580652303959,399.0544497730872,428.66594505999166,374.397820615686,399.8062786634989,331.1814683435615,331.7193161132459,441.30118168920495,341.7107844725544,472.4563148020597,383.9467969990413,348.41909805716455,343.02759913771314,492.3401332125099,397.2647599941529,437.9775938874485,347.77130382765995,373.074830026858,355.70474151038195,455.7123559782163,338.99459631416084,451.42185679403894,422.08373310701126,344.1950601236971,467.1904094546029,328.2799140069913,398.93414185050153,455.6731451811928,444.5595050858186,334.2631314685483,478.0838507690501,413.7123733739172,379.6028338548292,444.6388163115946,431.1767696378607,344.28162524104204,476.7145733988135,412.3514339080847,342.16410903109573,437.3257797539062,433.1887812576001,315.066998761035,400.96917937441617,439.4387642997819,332.96991487531693,382.94641197797034,432.4591381698805,464.614789609007,433.68309377929427,464.62592852019736,351.8052978079088,370.6198576866153,370.58468470307986,333.10892285770865,338.466476253918,403.9195218457423,343.3540841270358,445.321512647422,315.4598953539646,377.89986953135434,432.73688591051496,376.2807572698042,413.7086718967736,363.077305312969,438.61083183041205
240.17921219199,403.1129919187732,395.4558014740065,336.30835814409954,454.056408450072,407.7310759397783,411.65093758009033,444.14167669980645,412.8951038070146,386.2783226314469,378.007401101323,392.8164890514143,394.9896909893363,431.9137441940527,421.0751690565097,481.96298111907777,367.2513434827039,354.3079374533411,396.9071216401677,377.0798335607983,441.3620623188573,330.08445742799427,371.2195372381299,437.7671471056795,477.2782689126949,352.3415282999988,453.57832217455046,394.2380593620858,338.01091362684565,453.1109008845032,367.2945393010366,436.4115529624207,466.3671817487471,408.9767310781725,426.97346220745845,389.8108244246333,423.60102896661806,392.3548126482221,338.0494612033936,429.71488204587934,430.3083614801078,426.65899682014094,383.9496859676367,389.05832061354306,364.48914278043446,387.2651515915645,388.0284500623426,389.20250083776295,370.8036652125277,479.2116557300979,371.6045158792316,412.7395216419634,403.2632722723185,391.66586019965456,403.58004397160664,362.4280820905134,428.62279824627853,429.8580275934707,392.6315556212204,449.36669709300486,401.61316114344095,359.5425478851838,424.6416838015035,340.4778739374131,408.1200228734696
249.77365987135917,462.9410737002245,475.6490360102493,411.6100864437966,439.34347475989847,360.8685700843423,474.0502967350802,434.510617237363,411.4142705442357,436.21415027159213,389.59525434372256,349.341771765442,366.8195849337219,389.9847036022509,358.50275665038987,475.71286471699887,356.50760718674417,301.2429519887621,401.8596395798201,387.7660585827398,437.2167783602402,396.17448065377414,435.4234592530323,375.6081037528096,394.3005878738293,424.8821388100516,442.6178197906773,433.34435735883653,405.295313993853,337.09212955086775,424.7430150973417,396.9866987521896,425.6311999638676,449.9901245873506,429.9898472071285,449.2935518578219,394.05772701595674,428.7724836895368,399.6235062011853,401.04572769070137,375.0792343904095,381.6195657158228,449.2299291794109,409.8470423420405,368.0993503948628,396.5465382779316,356.0083606007749,388.1197573200539,347.20656391320927,405.359742540076,346.722504303567,440.24502517115343,325.5317985366904,444.7246566986956,457.79085596821824,413.48689886865054,428.2631825349991,352.8584279335484,438.1156764591983,377.58041570179455,451.57804199098314,416.98977489020785,414.54314844878456,454.738938760094,381.0092165606114
259.36900442746685,399.2639369792664,426.75196368348566,396.789084958882,490.3216777077416,411.3237142314738,395.3293099494473,456.02478503067135,350.9386231112171,372.749289505508,386.7938246900388,387.3398604757092,339.41213676995744,400.4027958591328,447.86021866254146,371.7743780760695,326.6056445377185,496.6871742005665,318.568331811616,384.04647634208067,365.270441410068,461.5203171566373,385.1227409126938,444.5357185223156,365.42055808385993,434.60688610454986,370.58153625141153,422.93821543530794,357.4424023961286,438.8109718726191,439.8412401988864,337.0408857102151,371.5556885361101,410.241464292268,404.0126034797008,401.8558898640329,470.8574605126223,482.081201027944,407.0165617109619,443.4176027643453,444.28928541993395,431.4273156600526,328.1218318086984,328.17645481096093,455.6435016938388,465.1443705077918,446.385221465393,335.07883957042884,412.8046048387682,381.2943171257782,453.4912094690176,415.6110964132944,488.0952784293878,441.9458147188549,408.87139424016885,363.787935817673,364.3288523801684,316.22928936736673,416.8120291570697,392.8427452486261,447.02439608183033,433.3325664086937,372.3830214182184,465.7302625878699,463.9082959894848
268.97465650095154,470.0553583188601,379.5129514929801,449.6796451288444,395.4177171423621,386.5818385070396,366.53732125700753,386.2191372839266,401.6633618682088,379.71327441527353,410.2138038254586,374.4032259841203,335.0424224289737,342.94106727349094,427.0693497034551,349.39240246386817,403.9916245102356,366.1959630329624,380.10442594421784,358.98962546053303,479.96650043438234,445.34295657932586,464.6688006360242,374.9838867823197,452.14535364873007,450.9804911330665,461.69229747460184,325.3188782865426,403.5524918788459,374.519919209533,438.64448834234327,344.05008107441085,404.0731486294432,424.57975056516625,320.91346779422486,454.005521095251,379.4201034998457,378.6526500244911,479.6203197411228,361.0853330677886,341.438575698505,380.20531656100445,393.4230172722917,395.53887005099546,423.8846912981069,362.0832365284995,472.4898157558165,435.30896476254946,450.0583903262875,412.0485382595151,395.10432325182546,424.5462873202368,418.82103431709754,455.1385491709074,466.12388583204387,427.51231210899385,374.7849054174204,430.2474904241857,430.9344065354608,353.4330257266456,321.8592153571386,350.82438774080015,456.34672215528855,381.6525204385907,419.02739594113166
278.57199849771405,431.379424912806,454.68784050943424,411.48396223946736,466.81142303426026,369.73353196418566,396.7633987803197,456.0335703916397,310.25497909228073,409.7936132643548,361.8075636382423,394.80736814335546,366.8237086324189,391.7002608109872,364.31432673148345,394.81019681684035,459.91570266583074,455.6022039364687,357.96903100242525,311.26467840662855,435.9242200077939,376.9207013207201,379.8737067307335,439.6419170254738,398.986744800668,404.99276786198766,457.9600325099972,400.7253484482693,415.3766459041242,340.0786961458983,369.67046252992213,394.76178390360576,446.98269918685025,358.3195578557357,320.1169514036267,343.49565859401633,386.94489696614903,483.67979301621006,450.30090594859166,441.67549145113105,456.34207761538534,463.6812470575615,484.7740702347038,395.08724602444886,372.46878002064216,359.1570655412963,388.55763292804625,344.3763554833158,371.21404332609586,398.4951150387441,491.4042875326619,448.6786057050928,421.79050693209945,398.92411979472456,422.8030946352554,384.6693908430583,475.68951112873987,362.426213254285,451.8022187391654,410.1692437151106,405.5304067593894,352.1824740977555,335.8911033394413,326.38900117605704,377.8431970937486
288.17780317790687,444.83939364179093,359.2372474598633,391.33234041766616,348.4675986332901,361.35932671586926,428.7160702077538,429.0112139241602,367.4746567772693,394.20319608541746,409.20737929173345,409.87068977595334,414.0116822270074,349.3317705535015,453.1934151939689,467.4778478870616,397.3935648433168,349.29484973682804,455.6989363094112,454.0930670452101,430.7105845146515,335.38751251983575,467.9014347110426,404.29966649272694,471.6220737070456,354.26530088849313,409.3469865482901,328.7307006875619,354.2504145457523,409.47883198040046,451.1216303920114,422.4417414289526,414.9510232297697,474.6954607633552,481.7913600114547,408.2812603148992,338.3130448827512,412.0338168282693,455.091508586139,349.750554899548,390.03885160409345,378.8689040790209,427.9944774030846,393.5436667781742,385.3591836510837,450.82698707985134,440.1427507596121,444.57300403303213,396.8630157337639,412.3023510718665,435.3448146295009,412.41588791342787,459.9444238591482,335.54460224734555,404.04672241556005,328.74527752449853,402.7299357211674,335.9755501998957,443.8682518522498,405.2249245371876,393.2930718436383,392.13693693090573,400.33988805581623,367.00356694460135,427.7587685105882
