timestamp,CH0_pF_filtered,CH1_pF_filtered,CH2_pF_filtered,CH3_pF_filtered,CH4_pF_filtered,CH5_pF_filtered,CH6_pF_filtered,CH7_pF_filtered
0.0,292.0004207876844,283.9980473145971,289.1494204202843,284.5165780126417,294.74791939277395,290.2805134071241,282.5848793875422,288.8768038539107
0.1289200782775879,291.97749734615894,284.004970144944,289.156095696885,284.5166913434141,294.74510945273136,290.2867743499566,282.5859413914876,288.8833940239522
0.25083422660827637,291.96524023010545,284.0017987072697,289.1564765252153,284.52006093099413,294.74634265194345,290.28666927757575,282.5861400657286,288.8928822124797
0.375075101852417,291.9665053601247,283.9939514937434,289.15052816246003,284.52438794257773,294.7532265947905,290.2826947593683,282.58514706516297,288.8967214269014
0.5001373291015625,291.9751347107243,283.9927929074373,289.1459797599129,284.5241057046545,294.76033128868175,290.28205995173795,282.5838656827314,288.8889844844508
0.6251630783081055,291.9805219748599,283.9984257182784,289.14868164359467,284.51810835465903,294.7581202961538,290.2857187837866,282.58372345981445,288.8798084917841
0.753838300704956,291.9766563533059,284.00178696449376,289.15361856093404,284.51244266672296,294.74507060663797,290.2871863137367,282.5846297027969,288.8820195159454
0.8750190734863281,291.9688207262893,283.9990438729554,289.1528399094695,284.5138334660914,294.7349275549219,290.28296221836234,282.5847261091192,288.8924321582947
1.0002822875976562,291.9669456397784,283.9951989902052,289.1476321599398,284.5213388889718,294.74528905469117,290.2782446494719,282.5831482926169,288.89669259402905
1.1251413822174072,291.9722081514521,283.99516945356197,289.1447965667175,284.5261013573896,294.77208096361437,290.27913877236153,282.58171785322986,288.88930745036555
1.2501091957092285,291.9762518790951,283.9977795640822,289.14628856661597,284.52177989521573,294.78517817181205,290.28370166272396,282.5823878791903,288.8796306459031
1.3781862258911133,291.9736926355947,283.99889399250156,289.1491922626276,284.51428645388086,294.7662094187903,290.2854416105052,282.58447963467137,288.87732293476824
1.5014493465423584,291.96864215479656,283.9970234631394,289.1510626471426,284.5156280617677,294.73875653535777,290.2832841221398,282.5860847383517,288.8816790584429
1.6257071495056152,291.96745023319744,283.9946188527787,289.1511381588883,284.52658419464484,294.7384638411587,290.2820704435599,282.5865393050949,288.88729876421246
1.750110387802124,291.9707534508461,283.99463037480444,289.14981408838526,284.53294773962995,294.7633546681713,290.2838334368489,282.5861620411725,288.8901620393712
1.8768882751464844,291.9744746036873,283.99706656836673,289.14862564442944,284.52489733008065,294.77778238154724,290.2854246404859,282.58533750993706,288.88779302922046
2.001641273498535,291.97457046729363,283.99942753454076,289.1487380715756,284.513077354985,294.76301155724747,290.2849136026284,282.58478086717736,288.88260470279147
2.1251862049102783,291.9703100613198,283.99957111223966,289.1495488437535,284.51512034402646,294.74104912131907,290.2838205167773,282.5850739591407,288.88251113076734
2.2501580715179443,291.9663635551008,283.9975844047637,289.14983959576784,284.5299853706552,294.7407160979734,290.283073099585,282.58546112023845,288.8901767416571
2.375681161880493,291.9697697418105,283.9956777635661,289.1494264484029,284.5384136946006,294.75841065270447,290.28223493426145,282.5844872557571,288.8962220498194
2.5000321865081787,291.9796065955496,283.9964085994123,289.14911674831745,284.5298614440153,294.7675788370823,290.28236833282887,282.58235322457597,288.89123407000443
2.6286561489105225,291.983865652568,283.9994707665172,289.1496827963069,284.51566768187047,294.75703110555924,290.2848857167352,282.581472193668,288.880838979604
2.749994993209839,291.9747908224787,284.00067682635995,289.15075462856134,284.5109964709584,294.74248066133845,290.287627023485,282.58331636443967,288.8802570404781
2.8764443397521973,291.9619068715297,283.9971240494237,289.15084734180647,284.51640479650376,294.74149865786956,290.28681563241906,282.58569987943747,288.89315295670474
3.0000650882720947,291.95979076688343,283.99227713225685,289.1493022548846,284.5225776931779,294.7524127067118,290.2837719775261,282.58562011738246,288.90372177036375
3.126683235168457,291.96802571674795,283.99167650469377,289.14745652059634,284.5229617487853,294.7613001195052,290.28434476428345,282.58375944631035,288.89705967595256
3.2503480911254883,291.97353868779504,283.99501923014464,289.14716666378587,284.51775660759495,294.7585163730736,290.28931007686884,282.5830517488526,288.88214188590626
3.37502121925354,291.96965248795556,283.997005214093,289.14877017138303,284.5123427507979,294.7457313022965,290.29160084515473,282.5838640323486,288.881091465577
3.500051259994507,291.96308798046584,283.99487991144304,289.15029448188693,284.51332825494984,294.7362610898573,290.28715336099214,282.58394220670823,288.89641050696656
3.625368118286133,291.96223696167425,283.9912364630953,289.1494453474594,284.52091661165633,294.74634325169194,290.28174403885197,282.5825242651179,288.9066692606144
3.7501981258392334,291.9665360387368,283.98992290485097,289.14739561123065,284.5257617959448,294.7724402536674,290.28209641387156,282.5815372304474,288.89913678094655
3.8752362728118896,291.9694969253893,283.99192294186895,289.14749370598696,284.51989152414734,294.78504475780085,290.28649564598413,282.5825354429099,288.88623376621
4.001572132110596,291.96704730521384,283.9949921586552,289.1493559004228,284.5099085647672,294.7654855262977,290.2888537155222,282.5844029282842,288.88223272221245
4.125222206115723,291.9609136801806,283.99587821584305,289.14951217932236,284.5103799128345,294.7372820983598,290.28716797584224,282.5848232534856,288.88531489192036
4.253144264221191,291.9573452700862,283.9935402696623,289.1476195761418,284.52266721184446,294.73648536536905,290.2841418108904,282.5833582433932,288.88910676205234
4.374962329864502,291.9624455022918,283.9911335853956,289.1462032054613,284.5310250243781,294.761365013749,290.28265763232446,282.5820709194335,288.8916606323904
4.500052213668823,291.97372342222167,283.993162732121,289.14646488986375,284.52467063006907,294.7761579524681,290.2835306335918,282.58263603243944,288.890661479189
4.625064373016357,291.97880800738875,283.9988695492053,289.1487959801352,284.5126525540078,294.7615820475861,290.28562425258787,282.583949713109,288.8863769652387
4.751807451248169,291.97052191157985,284.0014750425567,289.15289339426005,284.5096196255453,294.7391158161686,290.2864641273005,282.5838945303204,288.8866507279621
4.874894142150879,291.9591055341254,283.9973886844062,289.1553405989407,284.51650600820676,294.73793802075403,290.28464337587815,282.5824491883464,288.8954305229568
5.000067234039307,291.9596907130442,283.99206007891763,289.1533072692621,284.5226035112972,294.7551751684507,290.28226866072725,282.5813514026733,288.90263426901885
5.12803316116333,291.97119983665334,283.99223551234087,289.1501313188418,284.52073820423556,294.76415527887326,290.28296270808875,282.581545207691,288.8978276250068
5.2519800662994385,291.97775828976245,283.99661923596506,289.1506377324332,284.5145237067107,294.75321677731097,290.2870038346282,282.58251094475327,288.8875206547019
5.374826431274414,291.9707713674737,283.9988206729872,289.1534014904717,284.5121799210717,294.7382607210911,290.2902077780404,282.58320965787937,288.8871882234691
5.499845266342163,291.96029592954073,283.99648648686735,289.1537430799844,284.51667936175886,294.7372678966704,290.28878301138167,282.5827572150165,288.89882183559433
5.626361131668091,291.9601770927409,283.99324092134725,289.1514375648976,284.52282324110513,294.74859448343443,290.2846492839488,282.5812632344174,288.906764888432
5.750014305114746,291.96884655150046,283.99288320763543,289.1503008235699,284.52316285121,294.7581007801793,290.2836066613624,282.580189705742,288.8995622471911
5.875002145767212,291.9729497819333,283.9951126857579,289.1519972589118,284.5165396777875,294.7557646646431,290.2870424265616,282.58073439940796,288.88740396858753
5.999966382980347,291.96724769406364,283.9969219143969,289.15401733376757,284.51031896426446,294.74290553927534,290.28919297280464,282.58216948441196,288.8879380515941
6.125958204269409,291.96102328758,283.9961130316001,289.1535761385484,284.51255744205764,294.73283220538474,290.28597991590397,282.5827222242087,288.9005806455213
6.249919414520264,291.96292790655923,283.9934074472634,289.1513187075729,284.52143080489475,294.74199460250935,290.2817688454066,282.5816989695126,288.9083856434666
6.379111289978027,291.9690116216022,283.99185439337833,289.1499904436622,284.525733052219,294.76726111655034,290.28252446545787,282.5801831073414,288.9030853926511
6.4998462200164795,291.9706488472595,283.9935634064091,289.1504142338843,284.5193194820772,294.7798456839276,290.2868715099966,282.57982696046986,288.8935675803608
6.625715255737305,291.96668156754436,283.9970348862063,289.1510372431536,284.51121074686785,294.7614138779393,290.2887876522579,282.58099359515296,288.8894254139234
6.749949216842651,291.9622077995845,283.99873863081694,289.15116611424014,284.5144371165275,294.7346159021874,290.2860824606189,282.5821828070474,288.8908968917049
6.875011205673218,291.96157736590254,283.9970357534933,289.1514995806345,284.5269334247557,294.7340657142565,290.2824366763785,282.581776010644,288.8950752618391
7.000768184661865,291.9666563936769,283.99415076389283,289.1518052165061,284.53296663025833,294.75774599706114,290.2820790343201,282.58015652175163,288.89896354064655
7.12443733215332,291.97500105141233,283.99438002491445,289.15193924054483,284.5250633301317,294.77143252598415,290.2849216428407,282.5793554846751,288.89843948892127
7.249587297439575,291.9779589839208,283.9986579755883,289.15357797349225,284.51403167906915,294.7574713286818,290.2875673275104,282.5805567611026,288.89386091063255
7.374483346939087,291.96960193120384,284.0014854039546,289.15644795057744,284.5126535628608,294.7367375565893,290.28776413309777,282.58263201734707,288.8924604421517
7.499458074569702,291.95780173687837,283.9978623038235,289.1565396225907,284.5193818452287,294.73622069912227,290.2864724570757,282.5835955864466,288.89814552241575
7.624261140823364,291.95652848416654,283.9919379019314,289.15282994259707,284.52383595079925,294.752639115547,290.28626873192604,282.58297924523475,288.9039002765506
7.749239206314087,291.96660579599273,283.9917688783573,289.15038462881597,284.52086049967545,294.76164199531513,290.2888156670706,282.58210162099823,288.901331263903
7.874106168746948,291.9736388013037,283.9967524365963,289.1524975053546,284.51407933138125,294.75284044378475,290.2928229608207,282.58239532882857,288.89410777833996
7.999098300933838,291.9678338445053,283.9983016635913,289.15541178789726,284.5101421235391,294.7397253829234,290.2943883190396,282.58385016848933,288.8937334120941
8.124214172363281,291.9571402101262,283.99301818989204,289.15436482235503,284.5129467888925,294.73778118902464,290.29155108678304,282.58488685228724,288.90237600821496
8.249159336090088,291.9550275169712,283.987553479951,289.1507602271942,284.5202053413091,294.7471105105524,290.28804368864604,282.58415915519885,288.908540200962
8.37423825263977,291.96220212323,283.9884748863938,289.1502178194726,284.5239984364102,294.75713799910443,290.2893891611868,282.58264725393565,288.9038216692192
8.499077320098877,291.9677442564487,283.993243139691,289.15457314950186,284.51888962120404,294.75772626396554,290.2950427433742,282.5827782211184,288.89622216887756
8.624113321304321,291.96469913373164,283.99471262732754,289.1588216736059,284.5104506645227,294.74664106506197,290.2980671373764,282.584945282395,288.89909000854595
8.75004529953003,291.9577368078817,283.9912328328598,289.15841233488607,284.5102863016293,294.73528139165194,290.2946655419157,282.5864316466635,288.9121534403957
8.873972415924072,291.95539521930687,283.98805196353504,289.1563299266301,284.5202254888702,294.7417811662143,290.28996010718913,282.5849996488882,288.9220916675508
8.998913049697876,291.9594758663225,283.98946862163416,289.1574455910617,284.5274632819982,294.7656783059958,290.29026265270005,282.58220426645204,288.91954052096776
9.12588906288147,291.9642259548646,283.9936720018287,289.1596765487476,284.5213513748306,294.77930519243483,290.2937638117752,282.58134404809596,288.90853003158117
9.249139308929443,291.9637576049319,283.9961893985885,289.15806787091105,284.5098904064102,294.763383061146,290.29434926821983,282.5829525390162,288.8996768113242
9.373886346817017,291.95837776767826,283.99513309535126,289.1534782374224,284.5096579006895,294.73837762198343,290.2912903206075,282.5843448032953,288.899218206777
9.499083042144775,291.9548226368294,283.99183650182243,289.1502785867892,284.52157371764287,294.73719011187256,290.2891663003372,282.58351394377826,288.90465136874775
9.62416410446167,291.95992375680225,283.98915430784274,289.1495921870277,284.52898764219293,294.7584304968661,290.2903453976117,282.5816692971764,288.9080479543439
9.750446081161499,291.970807998116,283.9899632980872,289.15023390985436,284.521786060519,294.77090482062033,290.29294046332427,282.58127321570487,288.90455087323363
9.874024391174316,291.974469936075,283.994047914123,289.1522507778469,284.5096708605663,294.7589546758847,290.29457102513175,282.5827113816088,288.8986698771294
10.003414154052734,291.96418566011516,283.99649133664997,289.1549624410321,284.5065033915879,294.74087049189137,290.29421539634797,282.58410678281837,288.8993717321798
10.124290227890015,291.95159936876314,283.9935096037604,289.155529101409,284.51270705480465,294.7394839831628,290.29221928746784,282.5841529334643,288.9077749251977
10.249098300933838,291.9523568132811,283.9888232395046,289.1535718841786,284.5187375793805,294.7529056627468,290.29087752184677,282.58363101959594,288.9138245987483
10.374001264572144,291.96414405805166,283.9888944776598,289.15286682102055,284.51816747107745,294.762487654007,290.29273303827745,282.5837052454558,288.9090471166835
10.503828287124634,291.9704342335451,283.9932369603233,289.15507050029527,284.5130635553106,294.75694915191866,290.29652588232034,282.5842773920998,288.8995828332852
10.629414319992065,291.96382194660896,283.9952388048439,289.156615567687,284.50998105305166,294.7413187949895,290.2973362862429,282.58465697366887,288.89938845129905
10.749105215072632,291.9540548157446,283.9919847064564,289.1547364481467,284.51283206822336,294.73231969182353,290.29311723311713,282.5845801394915,288.91009329388083
10.874119281768799,291.95215782147227,283.98770072002816,289.15197665208115,284.51873329030525,294.74614581065555,290.2888468100139,282.58426055953163,288.9174629588369
10.999083042144775,291.95691403373115,283.98701416026154,289.1517913107268,284.5206350039457,294.7761286102934,290.2907959381645,282.5841822430692,288.9123085498795
11.124019384384155,291.96026444330755,283.9894132609085,289.1531639255704,284.51519379986985,294.7891999588735,290.2977376955067,282.5846322815143,288.90281859216753
11.249075412750244,291.95889835857975,283.9913232385718,289.1528589816785,284.5079758449672,294.76663806565034,290.30174983615996,282.58515676987446,288.8997899248614
11.373896360397339,291.95617430111633,283.99081501186123,289.15116204292013,284.5084641271935,294.73591654675226,290.2985054426861,282.5849204407206,288.9031227785615
11.499503135681152,291.9559528977062,283.98942382551076,289.1519138140452,284.5179710063079,294.73595703026,290.29285751641373,282.58360357099434,288.9079034628943
11.624081373214722,291.95838976867566,283.9899829916227,289.15669502279985,284.52561050450356,294.763263851465,290.2916290628994,282.5817956434891,288.9111630704295
11.75089406967163,291.96076136143756,283.9927897439318,289.16148448764847,284.5217056700205,294.7786753110516,290.29449318509705,282.5807666134865,288.91074955629836
11.873858213424683,291.96004472259233,283.9947228083349,289.1609317218562,284.5125474663277,294.7622412350427,290.29613083308936,282.58132795198014,288.90729964627184
11.998807191848755,291.95592776573864,283.9930918456285,289.15552761017494,284.5129786963315,294.7377212682252,290.2948002477001,282.58247736682085,288.9064788708494
12.124581336975098,291.95308654494085,283.9893421661875,289.1513438328688,284.52443568639166,294.73696761889437,290.2935454493367,282.5824713346903,288.911503286793
12.250316143035889,291.957484343415,283.9876128561927,289.15144131692216,284.5313809696638,294.7573834589031,290.2940542678639,282.58152457353935,288.9155898716
12.376673221588135,291.9671177408099,283.99027792116163,289.15305702606554,284.5238183410491,294.7690218642294,290.2948921926739,282.58148483632283,288.9107029198091
12.498966217041016,291.97112519221173,283.99534034232937,289.1549070692623,284.5117281949617,294.7571379217313,290.2954209813988,282.5828902422243,288.9025070162453
12.624488353729248,291.9635967027021,283.9978074751085,289.15861823040814,284.509394158542,294.73998041670546,290.29620905226807,282.5844042002004,288.9051066732065
12.749128341674805,291.9530104765719,283.99472497713236,289.16166686284396,284.5161746227489,294.7400504469915,290.2963961460497,282.5847605431334,288.9187693302128
12.874804258346558,291.9514883150054,283.9892587086488,289.159307896726,284.5211069561395,294.7540632912866,290.29540767481194,282.58389033100934,288.925768318136
12.999036312103271,291.9589365727012,283.98764483750705,289.1540700884568,284.51836956671457,294.7623403454051,290.295625789786,282.58292208486733,288.91556391557305
13.124069213867188,291.96418748677064,283.991417665228,289.15331078964346,284.51167257699325,294.7556120311638,290.29874500697383,282.5833468162483,288.9020404195391
13.249293088912964,291.96046072072073,283.9953711245901,289.1574046261306,284.5081099404834,294.74160011031876,290.3014364934701,282.58503916929675,288.903991693476
13.374322175979614,291.9537615985564,283.9948507150653,289.15946211894163,284.511667188441,294.73563296372157,290.2995864734599,282.5859839653302,288.91794520500895
13.49906039237976,291.95359559374697,283.99192878585797,289.15703374794515,284.51978302131715,294.7498632820433,290.29545921545315,282.58524783085454,288.9249189645883
13.624128103256226,291.9599010254037,283.9912773652756,289.1553244356328,284.5241057414934,294.77693737349205,290.2952417824751,282.5843635439706,288.9184197247803
13.74903917312622,291.9641703356648,283.99313191152476,289.1571492019915,284.51861488550117,294.78746832036285,290.2995548809666,282.584590108748,288.90996523025683
13.878177165985107,291.9616937786684,283.9943659301246,289.1582015366307,284.50921614448225,294.7654667069992,290.30211841092535,282.58514600536205,288.90905648029315
13.999385118484497,291.95699839128,283.9937336627287,289.15546106422926,284.50922449267466,294.7367568599449,290.2992740967708,282.5849759538983,288.91292181867453
14.124150037765503,291.9561510775137,283.9922092730143,289.15282946299055,284.52087644786644,294.73715826016564,290.2951250035576,282.58409957308254,288.9159372861935
14.24880313873291,291.95886670238167,283.99068946828135,289.1543860268493,284.52892268082786,294.76295004920854,290.2947239213377,282.5830866485365,288.91644727042734
14.373793125152588,291.96084205663067,283.9903141962949,289.1576921224116,284.52113762024203,294.7773221487314,290.2971848314896,282.5828636735153,288.9140605758186
14.500093221664429,291.9595865632214,283.99206787022763,289.1579779862995,284.50800129571854,294.7617279923742,290.2985269946582,282.5842137856339,288.91013012192036
14.624099254608154,291.9557240305737,283.99395367280334,289.155342003645,284.5090924098248,294.7389685220346,290.2978333710671,282.5861879487174,288.91035643467114
14.749053239822388,291.95292437993993,283.99245341997937,289.1536989028308,284.5238914633746,294.73911681663265,290.2972347017475,282.58660428883195,288.91769967223746
14.87403130531311,291.9564486266413,283.9887362434181,289.1546846800417,284.53201377795364,294.7586731967622,290.2975774020427,282.5850310293315,288.9242953735728
14.999033212661743,291.96524490504294,283.98867443769086,289.15676971719824,284.52325191005025,294.7683519297874,290.29783795870406,282.5834478644152,288.9208485122533
15.123810052871704,291.9686254452273,283.9937599931788,289.1588497281621,284.5102303406983,294.7549539139787,290.29791021109594,282.58354502247647,288.9120760145535
15.24910020828247,291.9600762495321,283.997221196491,289.16033007660974,284.50734989133724,294.73732215509557,290.2982236615847,282.5849185104516,288.91143699278774
15.374353170394897,291.94917242006056,283.99385811049376,289.15993177839346,284.51361970407135,294.7373773594757,290.2979582899121,282.58594710275503,288.9213541266109
15.498804330825806,291.94935251426057,283.9886212448351,289.1589514992951,284.52003384561317,294.7519452394527,290.2972198926213,282.58550856737213,288.92966254439847
15.623931169509888,291.9589031141297,283.989294823145,289.16163064211116,284.5207697818507,294.7619813055845,290.2985627466198,282.58408681320753,288.9276462275813
15.74901819229126,291.96405059455606,283.99486976853206,289.16754957163556,284.5156440960954,294.75711191359017,290.30246376529203,282.5834383431151,288.9219705701303
15.873837232589722,291.9584424541933,283.9976819939171,289.16953178642626,284.50989577112875,294.7428579455679,290.3043816530696,282.5845355644544,288.9233733509687
16.0002601146698,291.95044960696436,283.99452158988464,289.1639933121555,284.51044012273366,294.7344723204121,290.3010608014987,282.5860947687596,288.93022569155255
16.1238272190094,291.95001693756706,283.9897729081098,289.15695284239064,284.5172646543433,294.7466958485956,290.29683872619603,282.58611380304706,288.93137702079264
16.24890112876892,291.9558714481293,283.98855268579086,289.15535074286254,284.5215587910982,294.7743263784626,290.2981504053181,282.584519426471,288.92321859868
16.374157190322876,291.9595622747241,283.99129357479086,289.1582476571891,284.517086709043,294.78704782573163,290.3037122862141,282.5833363444858,288.914529566648
16.49880814552307,291.9573237643721,283.99479353111207,289.1604578342868,284.51000054642645,294.76627020953345,290.30610412782517,282.5840075376094,288.9131607906437
16.62392020225525,291.9531261138383,283.99557617393907,289.16029443465084,284.51130043085607,294.7372472515406,290.30267892660055,282.58519756110087,288.9174867323987
16.750243186950684,291.95176218039956,283.9928810285321,289.1596821538308,284.52093339811057,294.73749541032157,290.2988065028044,282.5846842581897,288.921936446029
16.8737154006958,291.95348797467847,283.9902590174553,289.1594112579393,284.5266540750544,294.7638730275385,290.2991725402798,282.5830317216385,288.92251396177085
16.9987850189209,291.95548808926526,283.9922395345572,289.158999278531,284.52097203749423,294.7784286365045,290.3018461317327,282.58280049962895,288.91846740194904
17.12377905845642,291.9549492038287,283.99756064564326,289.1598330633158,284.5116030021451,294.7624828589053,290.3030488408199,282.58439754822103,288.9143662642842
17.248699188232422,291.9511222849332,283.9994734505744,289.1629995746385,284.5099038844803,294.73975762453546,290.302423530013,282.5855862695749,288.9166544114395
17.37513017654419,291.9478704121721,283.99532450088645,289.1652868642813,284.5159212821523,294.7400998779254,290.3013305672781,282.5848887810888,288.92466312823643
17.498616218566895,291.95162662021596,283.9908367331264,289.16334168173745,284.5209415710434,294.75961945220496,290.30054854507216,282.5832248741161,288.9295898973152
17.625890254974365,291.96151223545917,283.9918000271749,289.1599135657477,284.51967940144897,294.7704481105023,290.3015360165252,282.58239847743994,288.9253805200755
17.7482852935791,291.9662867183976,283.9962272237848,289.1600703373059,284.5146601417386,294.76010994716904,290.30535146996095,282.58323908630274,288.9175984804584
17.873393297195435,291.9589765723936,283.9979117761841,289.16334637691426,284.5117013162409,294.7445233294629,290.3086563456792,282.58494105260763,288.9176343778853
17.999459266662598,291.94851661737977,283.9948731251133,289.16480266152587,284.51437934373337,294.74256660183704,290.3063229899405,282.5858200793016,288.92735491010734
18.128985166549683,291.94788500948397,283.9912631651927,289.16264484194215,284.5202762181697,294.75320692987805,290.3003109042866,282.58516776476523,288.93448058861225
18.248245000839233,291.9562947804466,283.9915165085404,289.16057607858346,284.52213732017555,294.7622622118337,290.29930531259913,282.58421316474465,288.92914328715045
18.373313188552856,291.9616977218768,283.99499198394625,289.161874327182,284.51652771139936,294.7600436249317,290.30583776267116,282.5845744119258,288.919587644221
18.498943328857422,291.9577218976343,283.9972813589206,289.1644133294265,284.5098243492056,294.7483923346967,290.31120627633567,282.5860086316298,288.9210357275795
18.623337268829346,291.9505926049045,283.99571141171276,289.16441428153564,284.51092889110913,294.7401910812781,290.3084416235953,282.58663847046415,288.9331596360058
18.753040313720703,291.94902538654384,283.99227546337073,289.16271930961915,284.51930537574975,294.7509490226117,290.30283810743873,282.5854638891988,288.9409306113943
18.87447428703308,291.95329493525026,283.9909168327169,289.1628431443085,284.5246121185222,294.77697546652615,290.3031741875002,282.5836532158181,288.93627893047756
18.998326063156128,291.9571375446053,283.9928412608803,289.1643906301532,284.5196552617138,294.7892314773606,290.30844740528147,282.58306249844526,288.9266815562062
19.123926162719727,291.9563409661448,283.9953774774754,289.16382867717397,284.51096620753873,294.76970266255154,290.31040128691654,282.5841498165448,288.92192067340255
19.248093366622925,291.952204346599,283.9952386442259,289.16115260416893,284.51122803358345,294.7419927907843,290.30643515895457,282.5855034442655,288.92382539465
19.373181343078613,291.9497527549067,283.9922277299774,289.1599924633222,284.52084283241936,294.74111052090313,290.30280488184053,282.58539163119735,288.92919706015937
19.49929118156433,291.9539159042786,283.98964325850534,289.1608567069235,284.5257501740175,294.7646371424234,290.30433239295843,282.5839704366322,288.93289875622037
19.624703407287598,291.9626294064732,283.9909399439931,289.1608443279087,284.5179415946691,294.7783474930939,290.3078424222972,282.58334208744765,288.9301895637382
19.75323224067688,291.96535999151587,283.9952766461425,289.16094989711036,284.50750629056364,294.76484406009996,290.30876930516916,282.58477001969595,288.9240972138422
19.879919290542603,291.956310259212,283.9974018443479,289.1651959563603,284.50708246652283,294.744531805269,290.30783773760703,282.5867210373613,288.92522476206375
19.998257160186768,291.9452753039824,283.99422863168365,289.17090671291726,284.51454926369655,294.7440552644804,290.30727832136984,282.58686492783676,288.93611386180896
20.12472128868103,291.9457097982772,283.98982997674904,289.17023489426157,284.51871548272555,294.7607248379589,290.3066921016253,282.5852966419015,288.943382581501
20.24835205078125,291.9557265055994,283.9902117797917,289.16359922845515,284.5148653667766,294.7701295422806,290.3064933526199,282.58422024194005,288.93607865106543
20.37798237800598,291.96081272872897,283.99458352356874,289.1604948254288,284.50840748106447,294.7607197320837,290.30863398387146,282.58491515550816,288.9241671243465
20.499213218688965,291.9541028246187,283.9963994958938,289.1644398581599,284.50666889857337,294.7463125899705,290.3111785696014,282.586484057126,288.9252225453207
20.623277187347412,291.9447866048644,283.99297235772326,289.16781346632143,284.5113827196707,294.74436816373907,290.30995406767016,282.58719828733064,288.93788515965895
20.748728275299072,291.94441863736,283.98911141752694,289.1647914679933,284.5179178475288,294.7548405287478,290.3068253671563,282.5862314967983,288.94370268065563
20.87312626838684,291.95199313801953,283.98959385310906,289.1601531249949,284.5196844459324,294.76467761459725,290.30804265889753,282.58465537794706,288.934753555028
20.998157262802124,291.9569068559403,283.9926473999809,289.16060184394047,284.5147428078134,294.7635656229818,290.31373563705984,282.5845840835066,288.9243883637186
21.123144388198853,291.9532961294067,283.9936282469551,289.1640393663115,284.50902239455843,294.7518389191633,290.3167032470442,282.58628292335607,288.92661306747897
21.252124309539795,291.94637299413324,283.9915726515423,289.1639371939577,284.5104045309444,294.74178847643554,290.31299927540425,282.58726148509214,288.9375066556624
21.37305521965027,291.9442500067902,283.9891717433463,289.1606607927856,284.5180860901874,294.7500910864236,290.30761203331684,282.5857357334295,288.94354636510764
21.498236179351807,291.9481201564871,283.9887392726184,289.16026643314245,284.5215940721186,294.77493794244776,290.3070089172838,282.58325722413275,288.93968269519877
21.624561309814453,291.952688340834,283.990589838838,289.16317482306124,284.51444793902454,294.78759212355294,290.3102305060941,282.58243989176043,288.93194507036833
21.748111248016357,291.9526471921467,283.99328957265004,289.16338142477696,284.50502500796927,294.76850916740653,290.3112709073623,282.5837757849445,288.9273584561998
21.87318229675293,291.94731413839804,283.9940522293814,289.1595937739047,284.5066985748566,294.7406213206272,290.3083392625241,282.58559777339957,288.9285434774882
21.99910616874695,291.9426136026613,283.9913987802029,289.15751945987427,284.5185536862644,294.74005006349245,290.3056591196061,282.58606138459294,288.9341633352294
22.12486720085144,291.9470211707639,283.9883043667938,289.15944077173884,284.5251762685441,294.76450358664863,290.30590915110247,282.58496515366625,288.9381956550308
22.24924921989441,291.95929857705556,283.9895305854653,289.16131263112527,284.51822943916665,294.7779930282395,290.3069395135025,282.5839653909779,288.9343794860771
22.373115301132202,291.965172558554,283.99454054580946,289.1623187032861,284.50779079674135,294.7627616040552,290.30718265634766,282.584499742961,288.92705931121975
22.498114109039307,291.9559523111776,283.9969083062744,289.1667121668147,284.50658444125327,294.7414533616561,290.3078106568519,282.5856963965764,288.9293513209242
22.624017238616943,291.94329088809775,283.9932347551407,289.1735251693405,284.513388576637,294.7419259010522,290.30864300280365,282.58555885140584,288.94369986553534
22.74836826324463,291.9438073551501,283.98849832148557,289.17536364942976,284.5182766206312,294.7597167058903,290.3082120917326,282.5839572085593,288.95382515155154
22.875078201293945,291.9557835325276,283.98909487611024,289.170283087918,284.5160945438548,294.76867207074724,290.3077106509672,282.58281987663077,288.9458805209674
23.001986265182495,291.96262483909135,283.99395112541316,289.1651740020526,284.51014197313384,294.75810083775207,290.3091777428974,282.58343141412394,288.92964365624346
23.12833523750305,291.9560837984258,283.99634207541357,289.1651400858579,284.5071432982653,294.7435967160174,290.3109326741074,282.5848872660948,288.92645926962734
23.249497175216675,291.9458439828144,283.9932597213585,289.16739208627075,284.5108046263583,294.74273145141086,290.31002560698283,282.5853081577721,288.93981839210625
23.37319827079773,291.94480899640854,283.9893259697866,289.16772716235954,284.5180282164168,294.754199490273,290.3080323451557,282.58402029679104,288.9507997344382
23.50065040588379,291.9525412182412,283.9901580313081,289.1670449116217,284.52118433023634,294.7641528282833,290.30951094966883,282.582429144169,288.9451456653673
23.623139142990112,291.9579966065032,283.9948499069773,289.1680487177671,284.5164496316249,294.7625812427942,290.314525483798,282.58250461657707,288.93268206658377
23.748335123062134,291.95503711863876,283.99776820640267,289.1692663695112,284.5098211591372,294.75076299239953,290.3172150052698,282.58427794586873,288.9315520491383
23.87410020828247,291.9491708561307,283.9960193043057,289.16749924816355,284.5112765960726,294.74160494986086,290.3140969998661,282.58559231333885,288.94266110715625
24.001931190490723,291.948110361464,283.9923588860784,289.1643006898636,284.52100460824965,294.75111772762676,290.3096707726805,282.5850430508743,288.9510526907505
24.12328815460205,291.9512040681969,283.9910855836824,289.1637601732627,284.52615419617047,294.77655191813926,290.30972205912116,282.5841355011,288.9475613761773
24.24816632270813,291.95222774623846,283.9930100518004,289.16514921096797,284.5174517291116,294.7897524222841,290.3130415201613,282.58501580666336,288.93810725619403
24.37408423423767,291.9486509779407,283.9952084914364,289.16455204612544,284.50476480083415,294.77197451810895,290.31482322071537,282.58701968767167,288.9329095438238
24.498449325561523,291.94351221425615,283.9948925607579,289.1623557176893,284.5056405436372,294.74482122251595,290.31443304083825,282.58756294146445,288.93548839559577
24.62358331680298,291.9416821933483,283.99236917103235,289.1621243597517,284.51972651862604,294.7428635112846,290.3143035590346,282.58599647604365,288.9419611706162
24.749321222305298,291.9469430691789,283.99041233415534,289.16356465331194,284.5277498046657,294.76555729993925,290.3146348332434,282.58444863597003,288.9451301200418
24.873122215270996,291.95684267163347,283.99151119054466,289.1637757060756,284.51907988028694,294.78004001270597,290.3145396819942,282.5847784598589,288.941111895099
24.998127222061157,291.960770833,283.99487605278784,289.1638466637837,284.50610667432494,294.7677672131848,290.31506048666387,282.58653845145045,288.9352195511921
25.12332820892334,291.95234130099163,283.9961672274785,289.16653461490006,284.50429450229,294.74717580303644,290.3165887400228,282.5882428012379,288.9372160135748
25.24945616722107,291.94092145347616,283.99264393181016,289.16923425054665,284.51159826388636,294.74482303419455,290.31699523679555,282.5890151698374,288.9478448569282
25.37315821647644,291.94034117841835,283.9880284791094,289.16735049469804,284.51614692292986,294.75998000332964,290.31571560372316,282.58859765774434,288.95510272566537
25.498284101486206,291.9495913244844,283.9884399050277,289.1629447257042,284.51342725939764,294.77006118612974,290.3158073800376,282.5874573091293,288.9493877053211
25.624829292297363,291.954694242404,283.9936678060361,289.1623919563501,284.50801970845646,294.7632357518064,290.3189954898558,282.58732964663574,288.9384867599236
25.748939037322998,291.94827316708626,283.99678163853474,289.166311489205,284.5053738477781,294.75105397270335,290.3217818713858,282.58932167275026,288.93833762015214
25.873277187347412,291.93869371322296,283.9936212760652,289.16855801663354,284.50764297046373,294.7490467482199,290.31984493161093,282.5911289443559,288.94977356803554
26.004131078720093,291.93767369535345,283.98859477602093,289.16608527938564,284.51312516116786,294.75786369522433,290.31527065660316,282.589582275669,288.9564404776463
26.13044023513794,291.9449569242739,283.98820286270075,289.163637703029,284.5164097427939,294.76674488083654,290.31518169978153,282.5861819882424,288.9490454027929
26.248369216918945,291.95008013377986,283.99201395079604,289.1654025173799,284.51316617272624,294.7658716569751,290.32120167216533,282.58562492785444,288.9388785567247
26.373289346694946,291.94688615870217,283.99402630939943,289.16776144812667,284.5071253512569,294.7538961460433,290.3254358933684,282.58851961041387,288.9403625089045
26.498268365859985,291.9408279722517,283.9915655018699,289.16597474394433,284.5078074903362,294.742337120484,290.3218790532658,282.5904393822626,288.9510392646761
26.623279094696045,291.9403029525976,283.9884321862891,289.1630571606244,284.5172849140388,294.7491234364558,290.3158607941345,282.58880326542766,288.95741848921887
26.749065399169922,291.94517667563815,283.9885540677095,289.1644656669742,284.5238565838894,294.77389016315874,290.31531029314317,282.58615328783037,288.95356944251665
26.878059148788452,291.94842937815105,283.990986974694,289.16797300284856,284.5171472522839,294.7881571289859,290.3188766104485,282.58582703688325,288.9453521212485
26.998390197753906,291.9463598198214,283.9930047794424,289.1675053471602,284.50562636071277,294.7713959682081,290.3200776868545,282.58789387412486,288.9403863147201
27.123172283172607,291.9419018779699,283.9936888190397,289.16409393351955,284.5065034031971,294.745145671986,290.31782531503507,282.58997582189403,288.9420245210523
27.248613119125366,291.94037795716815,283.992947846081,289.1637973863796,284.5198221229512,294.7449340858582,290.31603391301354,282.5901067628365,288.94912793689446
27.37312412261963,291.9455187890956,283.99141103986227,289.1666783187352,284.5276413519741,294.76892543830127,290.3164956074093,282.58860441899935,288.9544948397678
27.498006105422974,291.95479957339165,283.99153162404696,289.1676204903298,284.52051255727633,294.7819939322623,290.3177330520756,282.58754235629374,288.95048835475325
27.623143196105957,291.95817971489885,283.99419974710685,289.16678852304545,284.5092703218418,294.76701301962356,290.3186598163059,282.58808581216704,288.9420087332729
27.749478340148926,291.9496925717461,283.9956127174649,289.1686438392108,284.5068083669163,294.74619445031317,290.3189762443498,282.588964358027,288.94308534628465
27.87554931640625,291.93824021021715,283.9925224457635,289.1718375226669,284.5123390735293,294.7457912406187,290.3175949995662,282.58832660426134,288.95536606578787
27.997936248779297,291.9371859125044,283.98823794124365,289.171064396636,284.5174440691838,294.7611795380837,290.3146077217491,282.5862675544822,288.962949022494
28.125394344329834,291.9461893888829,283.98835624542767,289.16742395805466,284.51697617376493,294.7695789790771,290.31344873619213,282.58467650429395,288.9552600177617
28.24781012535101,291.9524278974181,283.99260604371943,289.16681986670255,284.511771464075,294.7621466670002,290.316900842988,282.58517953859877,288.94326043041235
28.372719287872314,291.9479450998917,283.99519315257703,289.1696401116894,284.5069833949889,294.74928503346854,290.321780562914,282.5874682658568,288.94400265737704
28.499593257903996,291.93798075937184,283.99248896118587,289.1707089595194,284.5082502084107,294.7450481970941,290.3225618674875,282.58925902225275,288.9566206323866
28.62252116203308,291.932724737634,283.9874992867769,289.1686053822376,284.51587847497984,294.7573291953824,290.32039772679525,282.5886279067202,288.9641864634156
28.74760603904724,291.93802021323364,283.9862587286205,289.16746233335886,284.52346581881744,294.78264364139784,290.32203334506215,282.5865668921248,288.9577396063194
28.873398065567017,291.95328935214604,283.99127323265196,289.169410122112,284.52544362340257,294.8057710606645,290.32768563539264,282.58573054257556,288.9480556949542
28.99729037284851,291.97119342807406,283.99920923270975,289.1719793435665,284.52463591329,294.8162541486347,290.3284104294306,282.5868800948256,288.94991557304286
29.122355222702026,291.981659751104,284.0044259652215,289.1729855925524,284.52818888763716,294.8226759471274,290.3201599003088,282.58842014209444,288.9619543367253
29.24726128578186,291.98374891571626,284.0044975824348,289.17238552905695,284.5373563514263,294.8398622667486,290.31141500048227,282.5890080052291,288.96956631047203
29.372013092041016,291.98852579497355,284.0027881613585,289.17172745192704,284.5467357119076,294.8678598666784,290.31139943882926,282.5891092590389,288.9667068062248
29.50121521949768,292.0019651646736,284.00507842993176,289.1758206046682,284.55244566265236,294.89181661212154,290.31860108463803,282.59036788761256,288.96386273750466
29.62195611000061,292.0138601607785,284.01239482711264,289.1880475473771,284.55537563868836,294.9002686319955,290.32512991564545,282.59384565200816,288.96931619184966
29.74847936630249,292.0142534395863,284.01882091535055,289.2005084926331,284.55891278751915,294.8977425302297,290.3270140978286,282.5981740455898,288.97733294065324
29.871988296508846,292.00909292289924,284.0184096064039,289.1988284509487,284.5675129084824,294.89653479791525,290.32671938327303,282.60022925605756,288.9816974677401
29.99700140953064,292.00715166799944,284.0118553335206,289.1810708041933,284.58219947126145,294.90113836619446,290.327207813999,282.59911097017323,288.983906690475
