timestamp,CH0_pF,CH1_pF,CH2_pF,CH3_pF
29.280,272.151773,258.351929,458.721867,267.114877
29.383,272.085114,258.359526,458.344099,267.114877
29.497,272.012463,258.374612,457.856044,267.115365
29.633,271.966087,258.417191,457.581360,267.117770
29.728,271.917603,258.568840,457.757496,267.113524
29.834,271.847713,258.618784,457.682545,267.106837
29.963,271.743117,258.556608,457.793387,267.107363
30.069,271.730798,258.568159,457.813782,267.103906
30.185,271.729951,258.560948,457.996904,267.105484
30.296,271.661552,258.548465,458.157672,267.104996
30.415,271.558136,258.609993,458.126312,267.102817
30.532,271.522022,258.620758,458.103203,267.102817
30.648,271.493567,258.626141,458.153180,267.102817
30.738,271.492491,258.540609,458.202267,267.105747
30.849,271.495759,258.511343,458.172782,267.105747
30.967,271.535405,258.476057,458.311822,267.108978
31.093,271.549097,258.459815,458.228162,267.111909
31.196,271.545251,258.469388,458.249565,267.111383
31.313,271.538405,258.485523,458.142237,267.113261
31.417,271.529944,258.511486,457.975436,267.109241
31.533,271.637194,258.534189,458.112267,267.104132
31.638,271.875142,258.521026,458.196713,267.104169
31.753,271.872098,258.505354,458.215500,267.104132
31.879,271.876799,258.501014,458.212805,267.106311
31.984,271.614185,258.464045,458.108592,267.107626
32.097,271.402270,258.409735,458.129905,267.108189
32.202,271.337524,258.394144,458.124516,267.110293
32.316,271.125610,258.383357,458.113655,267.111120
32.443,271.105694,258.387048,458.167718,267.111909
32.546,271.110874,258.391241,458.170903,267.111383
32.664,271.093415,258.393463,458.417328,267.114050
32.765,271.093415,258.394502,458.300465,267.112172
32.897,271.107344,258.393750,458.263126,267.115102
33.007,271.116899,258.385865,458.319585,267.111909
33.109,271.054129,258.374863,458.208149,267.109805
33.226,270.883420,258.373931,457.796079,267.112172
33.329,270.827011,258.370814,457.642670,267.108415
33.456,270.852109,258.372104,457.884194,267.110293
33.568,270.975581,258.372534,457.996822,267.112735
33.674,271.077607,258.379988,458.079931,267.112435
33.789,271.117436,258.398732,458.089566,267.107626
33.893,271.086317,258.403965,458.037231,267.107889
34.007,271.066405,258.406724,457.941891,267.109805
34.133,271.056584,258.410380,457.684339,267.108978
34.237,271.073502,258.415649,457.801137,267.113787
34.353,271.057696,258.421528,458.020904,267.114614
34.456,271.058771,258.419951,458.174987,267.109805
34.571,271.066942,258.415900,458.204554,267.108978
34.696,271.071584,258.418230,458.215010,267.108978
34.802,271.108149,258.436870,458.077319,267.111383
34.919,271.109262,258.444470,457.973151,267.107100
35.020,271.113061,258.446048,458.014128,267.107363
35.150,271.123998,258.448271,458.000006,267.106311
35.258,271.123154,258.454867,457.899209,267.108189
35.365,271.123729,258.456409,457.899617,267.109805
35.482,271.125878,258.455979,457.871873,267.107363
35.584,271.121542,258.457198,457.803340,267.106837
35.700,271.120698,258.460317,457.882318,267.108452
35.830,271.120160,258.455907,457.950950,267.114050
35.935,271.123422,258.455620,457.865590,267.108452
36.050,271.117973,258.457198,457.904187,267.107889
36.156,271.117167,258.462038,457.846008,267.110819
36.269,271.121235,258.459277,457.920998,267.111120
36.373,271.121542,258.461249,457.847477,267.110068
36.489,271.121810,258.461536,457.931852,267.105747
36.617,271.130253,258.465838,457.879135,267.107889
36.720,271.137890,258.465587,457.868691,267.109504
36.836,271.132709,258.467846,457.769812,267.107889
36.940,271.135703,258.470965,457.755620,267.109241
37.058,271.128641,258.471754,457.626363,267.109805
37.162,271.122885,258.471754,457.515254,267.108189
37.277,271.114980,258.473296,457.569133,267.112435
37.403,271.110874,258.476344,457.477112,267.112435
37.509,271.099976,258.473045,457.582746,267.108189
37.629,271.093146,258.472543,457.570029,267.107626
37.729,271.090154,258.470177,457.541499,267.108978
37.840,271.090154,258.471216,457.636311,267.109504
37.960,271.093146,258.472256,457.625467,267.108715
38.064,271.083861,258.473475,457.522915,267.108415
38.184,271.085780,258.476057,457.484284,267.109504
38.294,271.083324,258.475304,457.467088,267.107889
38.416,271.086048,258.473045,457.501072,267.109241
38.526,271.085243,258.473475,457.568317,267.110556
38.645,271.077339,258.474623,457.537342,267.112435
38.744,271.075152,258.473834,457.514765,267.110819
38.877,271.078145,258.471754,457.574594,267.114877
38.974,271.076495,258.470714,457.496997,267.112172
39.079,271.075689,258.472794,457.431316,267.110556
39.200,271.076495,258.473296,457.452665,267.109241
39.307,271.076495,258.475017,457.442234,267.108978
39.430,271.078682,258.471216,457.483387,267.108189
39.539,271.070778,258.474766,457.391392,267.107363
39.660,271.068323,258.474766,457.452176,267.104996
39.761,271.067211,258.478316,457.346993,267.105747
39.870,271.067517,258.482475,457.319297,267.108189
39.990,271.069129,258.481973,457.311152,267.107889
40.094,271.067479,258.485523,457.225070,267.108452
40.214,270.992223,258.490615,457.377786,267.110293
40.325,270.973663,258.477527,457.327931,267.110293
40.447,270.952383,258.476344,457.287613,267.111909
40.557,270.968755,258.486706,457.209191,267.114313
40.676,270.970673,258.482655,457.153827,267.107100
40.775,270.959208,258.475555,457.203248,267.106574
40.883,270.961125,258.480933,457.134941,267.106311
41.003,270.962237,258.482906,457.205527,267.110293
41.110,270.961930,258.484196,457.265380,267.110068
41.232,270.956217,258.483802,457.241356,267.109767
41.344,270.950504,258.487065,457.376401,267.108452
41.458,270.955680,258.482906,457.304799,267.107100
41.578,270.951578,258.481722,457.313351,267.105747
41.694,270.950773,258.494703,456.399893,267.107100
41.794,270.955144,258.531678,442.909770,267.097482
41.898,270.958939,258.541398,438.781088,267.090570
42.018,270.701453,258.554527,437.841423,267.074755
42.126,270.702525,258.553845,435.407671,267.078775
42.248,270.702525,258.559477,433.757767,267.078512
42.359,270.710452,258.565540,432.396863,267.078775
42.476,270.712328,258.575764,432.171386,267.083583
42.588,270.705818,258.578132,431.993017,267.083057
42.710,270.696552,258.581397,431.946754,267.080653
42.806,270.691919,258.592160,431.882958,267.080653
42.913,270.686214,258.583226,431.599528,267.081967
43.036,270.684032,258.582437,431.284871,267.082531
43.139,270.685908,258.585738,431.278438,267.082794
43.259,270.685372,258.587030,431.166998,267.080953
43.368,270.684836,258.587317,431.041099,267.083057
43.490,270.686482,258.588249,430.933709,267.086776
43.598,270.686482,258.586527,430.919961,267.086250
43.718,270.689737,258.584016,430.919961,267.083583
43.818,270.689201,258.587998,430.971145,267.086024
43.942,270.690847,258.597973,431.112789,267.087339
44.050,270.695748,258.595461,431.113836,267.086250
44.154,270.695174,258.594133,431.125275,267.086024
44.272,270.693566,258.595963,431.229145,267.083846
44.379,270.696016,258.597183,431.223162,267.084409
44.501,270.700075,258.591550,431.391042,267.087339
44.613,270.701453,258.592052,431.574217,267.087865
44.733,270.696016,258.594133,431.630832,267.085762
44.844,270.695174,258.593990,431.713751,267.087339
44.961,270.692187,258.593380,431.862121,267.089443
45.059,270.688665,258.590581,431.858073,267.090006
45.168,270.689737,258.595174,432.089464,267.089218
45.289,270.688933,258.587998,432.150528,267.087076
45.394,270.692991,258.583478,431.925238,267.088391
45.516,270.690847,258.588357,432.098015,267.086024
45.626,270.683764,258.595963,432.250404,267.085198
45.746,270.606440,258.597793,432.309324,267.085987
45.857,270.604527,258.598475,432.292660,267.085461
45.975,270.605904,258.582868,432.241173,267.088391
46.074,270.605368,258.592411,432.606055,267.087602
46.207,270.604527,258.591909,432.559471,267.086250
46.303,270.603991,258.589397,432.396638,267.089218
46.409,270.612717,258.587568,432.302043,267.089443
46.531,270.617616,258.575764,432.137249,267.093200
46.639,270.619491,258.566580,432.056161,267.093200
46.761,270.602345,258.553343,432.145126,267.091321
46.869,270.585775,258.543622,432.271343,267.088654
46.986,270.586846,258.534691,432.322761,267.090833
47.102,270.595839,258.520237,432.454761,267.087076
47.219,270.576246,258.511056,432.501102,267.088654
47.318,270.605904,258.506394,432.601772,267.089706
47.423,270.660602,258.497966,432.564205,267.090006
47.547,270.696284,258.478316,432.631528,267.088391
47.649,270.640466,258.494416,432.830582,267.089218
47.771,270.611339,258.505067,432.762988,267.091058
47.883,270.602077,258.507685,432.787122,267.089706
48.001,270.599360,258.509155,432.850886,267.092674
48.113,270.595265,258.508725,432.873372,267.093462
48.231,270.591744,258.503883,432.778401,267.094026
48.330,270.592012,258.504672,432.907368,267.090795
48.438,270.596643,258.504385,432.918275,267.091584
48.560,270.596911,258.504816,432.947837,267.092148
48.664,270.595839,258.505605,432.981239,267.089743
48.786,270.594194,258.512526,432.898568,267.093200
48.894,270.590673,258.515144,432.981014,267.092674
49.014,270.590367,258.513566,432.938208,267.090269
49.125,270.595571,258.514248,432.887888,267.089218
49.247,270.594194,258.512024,432.872470,267.092411
49.341,270.590099,258.512275,432.851563,267.090532
49.477,270.592816,258.515646,432.839757,267.092937
49.574,270.594462,258.513566,432.831034,267.096130
49.679,270.593926,258.510446,432.877208,267.094514
49.801,270.594462,258.513853,432.853217,267.090795
49.911,270.596107,258.511737,433.006068,267.089706
50.030,270.599896,258.511737,432.947987,267.090570
50.141,270.599360,258.512275,432.900072,267.091321
50.260,270.594729,258.516866,432.914438,267.090795
50.359,270.594462,258.515288,432.864122,267.091096
50.468,270.591744,258.514104,432.905488,267.089743
50.588,270.590099,258.516866,432.939487,267.089180
50.693,270.592280,258.513064,432.992525,267.089743
50.814,270.592816,258.511056,433.104499,267.090006
50.920,270.592280,258.513566,433.032102,267.091321
51.041,270.590673,258.516077,432.501553,267.091058
51.152,270.593658,258.518157,431.540298,267.094289
51.271,270.587918,258.523537,433.308614,267.089218
51.382,270.591209,258.525115,436.364337,267.087339
51.499,270.593122,258.514786,438.654020,267.088955
51.599,270.598288,258.507147,441.383370,267.096130
51.709,270.600164,258.512275,443.354444,267.100412
51.831,270.596375,258.518946,449.642843,267.103906
51.934,270.597447,258.524828,451.146801,267.106837
52.059,270.596375,258.522245,451.910007,267.103080
52.167,270.593658,258.516077,452.520962,267.104958
52.288,270.599092,258.510016,453.316178,267.104695
52.400,270.603187,258.510554,453.576362,267.103380
52.517,270.602077,258.512813,453.771764,267.105747
52.615,270.601006,258.515395,453.704925,267.108189
52.723,270.600470,258.513495,453.717004,267.110819
52.845,270.599092,258.511737,453.690593,267.106574
52.948,270.602345,258.517906,453.642690,267.103643
53.067,270.602613,258.518695,453.732706,267.105259
53.174,270.603723,258.517655,453.770395,267.105221
53.295,270.600164,258.522245,453.752435,267.105259
53.404,270.596643,258.528916,453.706294,267.105484
53.525,270.596375,258.526585,453.852391,267.103380
53.635,270.608354,258.481722,453.982438,267.105747
53.756,270.598021,258.477635,453.890497,267.106311
53.855,270.582484,258.500584,453.927238,267.107100
53.963,270.559372,258.513853,453.808974,267.104169
54.084,270.554475,258.503596,453.782958,267.106574
54.188,270.554475,258.503345,453.700899,267.109805
54.312,270.550916,258.502162,453.668694,267.108189
54.414,270.551758,258.508474,453.640838,267.107626
54.537,270.552026,258.517117,453.624336,267.104432
54.645,270.552294,258.525509,453.588033,267.102028
54.765,270.550381,258.516328,453.569199,267.102028
54.874,270.548200,258.510195,453.618459,267.104169
54.990,270.551452,258.507434,453.707663,267.104695
55.105,270.554743,258.506645,453.719258,267.105221
55.223,270.552829,258.504134,453.574591,267.105747
55.322,270.554207,258.519735,453.419614,267.107363
55.430,270.553901,258.537561,453.441979,267.102028
55.550,270.555546,258.536700,453.908948,267.104958
55.654,270.562624,258.527087,453.995011,267.109241
55.776,270.562089,258.521205,453.945288,267.107363
55.887,270.570775,258.514535,454.001297,267.108415
56.005,270.581680,258.507685,453.907498,267.105747
56.117,270.589027,258.516077,453.905322,267.104432
56.234,270.593390,258.512813,453.929092,267.105259
56.333,270.596911,258.505605,453.873498,267.103343
56.467,270.590941,258.505354,453.857789,267.104695
56.563,270.604259,258.514104,453.850216,267.105747
56.669,270.589563,258.523967,453.863186,267.106311
56.788,270.586310,258.516866,453.814773,267.107889
56.896,270.582216,258.511737,453.801805,267.104695
57.016,270.590367,258.505605,453.855533,267.102554
57.126,270.597447,258.498253,453.928205,267.104432
57.245,270.594194,258.503883,453.895493,267.108152
57.356,270.591477,258.505174,453.788757,267.107100
57.472,270.598021,258.505712,453.774421,267.107889
57.577,270.601809,258.506107,453.713863,267.105221
57.709,270.598824,258.509765,453.656537,267.103906
57.806,270.596107,258.506896,453.623450,267.105747
57.909,270.594462,258.500226,453.465311,267.106837
58.031,270.583287,258.525007,453.414707,267.102291
58.139,270.592012,258.527338,453.388322,267.103869
58.260,270.592816,258.492336,453.472472,267.103643
58.368,270.595571,258.494165,453.460805,267.103869
58.490,270.592280,258.505712,453.454127,267.103869
58.603,270.595265,258.507434,453.565175,267.104958
58.720,270.597179,258.502054,453.529764,267.107626
58.819,270.590635,258.504565,453.489047,267.110030
58.924,270.590099,258.502054,453.418327,267.106574
59.047,270.591744,258.501122,453.495725,267.104695
59.150,270.587114,258.503345,453.365881,267.101201
59.271,270.590367,258.502556,453.508681,267.102028
59.379,270.595265,258.503883,453.557127,267.100938
59.499,270.589295,258.502305,453.519946,267.104432
59.611,270.590099,258.504385,453.598738,267.104695
59.731,270.587918,258.505425,453.576845,267.104432
59.831,270.589563,258.489575,453.540950,267.104996
59.940,270.583861,258.486455,453.552137,267.104432
60.059,270.582484,258.488786,453.646635,267.098835
60.165,270.585201,258.495384,453.586182,267.103080
60.284,270.583287,258.496245,453.550849,267.107889
60.393,270.582216,258.493914,453.444714,267.108978
60.514,270.577318,258.491404,453.292535,267.103080
60.624,270.580303,258.490615,453.294305,267.104695
60.746,270.590367,258.492193,453.299210,267.105259
60.858,270.595571,258.488284,453.350680,267.104695
60.977,270.588760,258.490615,453.374407,267.104169
61.074,270.591209,258.493376,453.316178,267.103906
61.179,270.589295,258.497464,453.315776,267.103869
61.298,270.589563,258.493233,453.270101,267.103343
61.408,270.591477,258.490113,453.366766,267.102291
61.530,270.594997,258.493914,452.884143,267.100938
61.640,270.596643,258.497966,444.999635,267.099623
61.761,270.600470,258.503094,444.154230,267.097219
61.861,270.601006,258.506214,443.920580,267.097219
61.970,270.601274,258.512024,442.969411,267.094552
62.093,270.599092,258.509657,442.027789,267.089443
62.196,270.604794,258.509657,440.892976,267.087602
62.318,270.606172,258.508976,440.322259,267.083320
62.428,270.604527,258.508187,439.406315,267.077159
62.543,270.560711,258.513853,438.904987,267.080089
62.660,270.562089,258.510554,437.663851,267.083057
62.778,270.335290,258.511056,439.094653,267.036032
62.878,270.292912,258.518444,430.919512,267.060369
62.983,270.292339,258.516077,441.504002,267.067018
63.103,270.289091,258.517117,448.197649,267.066529
63.210,270.289091,258.517655,450.449283,267.068896
63.331,270.283666,258.514355,450.997018,267.069421
63.441,270.287181,258.520165,451.425559,267.071825
63.560,270.286913,258.518157,451.962529,267.072088
63.672,270.290161,258.517117,452.321051,267.068896
63.792,270.283398,258.519986,452.455353,267.071337
63.891,270.298338,258.520918,452.477649,267.071337
63.999,270.292912,258.518336,452.540615,267.067280
64.119,270.264105,258.522245,452.799671,267.071600
64.224,270.287448,258.523967,452.970004,267.069421
64.345,270.287983,258.518587,452.982456,267.074229
64.453,270.265977,258.520918,453.281760,267.074492
64.574,270.262462,258.524326,453.621599,267.071600
64.684,270.294784,258.501875,453.746154,267.074530
64.800,270.298070,258.489826,454.174868,267.075845
64.912,270.285271,258.493376,454.107218,267.077723
65.039,270.277133,258.503596,454.208175,267.080653
65.133,270.277935,258.501122,454.514470,267.077986
65.238,270.291537,258.493376,454.410186,267.073704
65.357,270.293179,258.507685,454.646085,267.074492
65.464,270.289091,258.518695,454.676210,267.076108
65.587,270.276598,258.518695,454.851126,267.075281
65.698,270.277668,258.514786,454.812014,267.077159
65.817,270.280648,258.515037,454.988300,267.076896
65.916,270.280380,258.509514,455.219699,267.077460
66.054,270.278508,258.510446,455.165251,267.076896
66.148,270.285844,258.484196,455.209828,267.077986
66.253,270.297230,258.466627,455.239523,267.076145
66.376,270.291537,258.497823,455.303453,267.080390
66.479,270.266283,258.516866,455.403987,267.080916
66.599,270.263265,258.520667,455.757811,267.098271
66.708,270.248061,258.522748,455.248019,267.096130
66.829,270.242102,258.522676,454.975283,267.098572
66.937,270.230414,258.528127,454.672576,267.099886
67.054,270.231216,258.523178,454.246728,267.096956
67.171,270.220903,258.520165,453.918294,267.096693
67.288,270.221170,258.497966,454.237775,267.103343
67.386,270.226327,258.474336,454.953213,267.102028
67.494,270.230146,258.482655,455.085983,267.101765
67.617,270.230948,258.492623,455.126990,267.101765
67.720,270.234501,258.500763,455.530550,267.102291
67.842,270.239925,258.507147,455.231432,267.101502
67.951,270.242904,258.503094,454.935186,267.107889
68.071,270.239390,258.505354,455.339551,267.108941
68.185,270.242102,258.513566,455.239928,267.105259
68.301,270.247526,258.516184,455.106688,267.104132
68.400,270.248596,258.511056,455.102239,267.103643
68.508,270.248328,258.510446,454.951434,267.103080
68.629,270.258642,258.517906,454.888465,267.104432
68.734,270.255128,258.522496,454.922171,267.104169
68.854,270.252148,258.533651,454.789955,267.102554
68.962,270.260018,258.516866,454.970756,267.102817
69.083,270.272777,258.525509,455.001317,267.103380
69.191,270.277400,258.528020,454.914492,267.104432
69.308,270.285003,258.530638,455.073367,267.102554
69.425,270.297803,258.529060,455.081454,267.106574
69.546,270.314921,258.533759,455.012233,267.107100
69.643,270.316259,258.535229,455.050885,267.107363
69.749,270.313278,258.537309,455.177386,267.103606
69.873,270.309457,258.534189,455.110328,267.104958
69.974,270.312170,258.537202,455.122056,267.103380
70.096,270.307279,258.538242,455.116151,267.105747
70.204,270.305407,258.540609,455.111622,267.104132
70.325,270.303763,258.536520,455.244054,267.103643
70.435,270.311635,258.536951,455.377353,267.106311
70.553,270.307011,258.537847,455.497264,267.103080
70.663,270.310030,258.537058,455.505848,267.103643
70.785,270.309724,258.538780,455.499937,267.105747
70.886,270.311902,258.536807,455.520183,267.106574
70.989,270.312170,258.536951,455.523342,267.107363
71.109,270.312170,258.535767,455.697840,267.110556
71.217,270.309189,258.529347,456.667613,267.108678
71.338,270.313546,258.531858,456.487618,267.108452
71.448,270.317634,258.532467,455.354363,267.107626
71.565,270.311635,258.527338,452.342937,267.092674
71.676,270.303496,258.526047,442.683985,267.086250
71.803,270.305139,258.526585,438.376758,267.083846
71.901,270.302120,258.529060,434.849727,267.088654
72.004,270.301318,258.524577,434.912040,267.098534
72.123,270.297230,258.519125,440.404220,267.103906
72.232,270.303496,258.519197,449.286050,267.127163
72.352,270.299675,258.519197,451.613377,267.129530
72.464,270.301051,258.517906,451.653450,267.131145
72.579,270.298873,258.521205,451.913530,267.134602
72.685,270.303229,258.519878,451.899760,267.138097
72.793,270.305139,258.520667,451.894397,267.135692
72.914,270.303763,258.519735,452.032118,267.133550
73.019,270.305139,258.519986,452.193058,267.134602
73.138,270.302388,258.520165,452.349190,267.135955
73.245,270.308120,258.520524,452.376850,267.136218
73.366,270.304298,258.521205,452.366106,267.135692
73.476,270.302120,258.521456,452.208683,267.134865
73.594,270.304298,258.518444,452.161328,267.136218
73.712,270.307011,258.518157,452.181439,267.139976
73.809,270.304298,258.519627,452.133287,267.138923
73.931,270.305139,258.518157,452.084661,267.138623
74.033,270.306476,258.519197,451.987032,267.138360
74.153,270.307852,258.520667,451.971497,267.142643
74.263,270.308922,258.519197,451.942032,267.141028
74.383,270.304031,258.520165,451.738492,267.138360
74.492,270.310833,258.518946,451.836043,267.138623
74.609,270.312743,258.512957,451.944754,267.137571
74.724,270.315456,258.508474,452.107891,267.140502
74.841,270.317634,258.519484,452.028514,267.140502
74.940,270.317902,258.519878,452.406276,267.139149
75.049,270.317634,258.518444,452.091790,267.141291
75.169,270.318169,258.517117,451.490551,267.140239
75.274,270.314616,258.518444,451.507901,267.140765
75.393,270.317902,258.515826,451.471844,267.138623
75.502,270.316794,258.515395,451.460252,267.138360
75.625,270.314081,258.515037,451.438029,267.142907
75.737,270.316526,258.518444,451.434032,267.142907
75.859,270.311902,258.506896,451.908166,267.143733
75.954,270.310298,258.507685,452.224230,267.141591
76.063,270.310030,258.505605,452.160927,267.142117
76.186,270.307011,258.503094,451.617856,267.143170
76.289,270.305674,258.505605,451.363778,267.141854
76.410,270.305407,258.517906,451.313914,267.147153
76.518,270.301318,258.516077,451.681928,267.146101
76.639,270.303763,258.512526,451.772340,267.143433
76.748,270.302120,258.514104,451.221479,267.143170
76.869,270.301585,258.512813,451.674809,267.143170
76.980,270.300248,258.512526,451.795467,267.141291
77.098,270.301051,258.513746,451.890794,267.143470
77.198,270.299675,258.514104,451.160537,267.145048
77.303,270.303496,258.514535,451.085873,267.146890
77.422,270.303496,258.513315,451.050823,267.146101
77.529,270.311902,258.512024,450.996140,267.146401
77.652,270.314348,258.515288,450.944180,267.146401
77.763,270.307852,258.516866,451.515896,267.146101
77.882,270.312743,258.518695,451.779462,267.145048
77.981,270.314081,258.517404,451.362419,267.146101
78.114,270.317367,258.513315,451.468326,267.146401
78.212,270.316794,258.516077,451.043717,267.147979
78.320,270.316526,258.517404,450.909944,267.146364
78.441,270.315724,258.514104,450.930374,267.147453
78.543,270.313813,258.515395,450.950405,267.145574
78.665,270.314616,258.516866,450.944180,267.147190
78.774,270.315456,258.520667,450.657401,267.153579
78.894,270.316526,258.515575,450.442670,267.149858
79.004,270.319507,258.515288,450.394308,267.146664
79.121,270.317902,258.510554,450.384987,267.144785
79.222,270.313011,258.511343,450.377021,267.146364
79.333,270.317902,258.514893,451.385995,267.149595
79.452,270.317061,258.518444,451.199194,267.147453
79.559,270.317367,258.521456,450.493669,267.149858
79.678,270.313546,258.517906,450.557111,267.147453
79.789,270.315991,258.513746,450.518932,267.149032
79.909,270.314348,258.517117,450.507854,267.148769
80.020,270.312170,258.516328,451.323263,267.146927
80.137,270.313813,258.515826,451.462970,267.149858
80.236,270.313546,258.516077,451.298813,267.152000
80.374,270.314081,258.518695,451.256548,267.150121
80.469,270.312743,258.516866,451.296176,267.146927
80.573,270.320615,258.505712,451.165009,267.147190
80.692,270.315724,258.511056,450.783009,267.148505
80.801,270.315189,258.513566,450.688419,267.144785
80.921,270.314081,258.514786,450.379251,267.145837
81.033,270.317902,258.520667,450.293704,267.146101
81.152,270.323328,258.522496,450.202369,267.146927
81.265,270.320080,258.519197,445.887025,267.144785
81.383,270.321953,258.521205,443.346269,267.143959
81.481,270.320615,258.523537,443.834158,267.144222
81.589,270.318437,258.527087,433.956139,267.142643
81.712,270.315456,258.521456,431.758704,267.118070
81.816,270.312170,258.523286,430.400768,267.084898
81.937,270.202151,258.519125,436.228169,267.070210
82.049,270.203526,258.515933,488.788624,267.069985
82.162,270.204060,258.517404,539.724344,267.070248
82.265,270.205703,258.517655,573.101456,267.072652
82.386,270.205703,258.514606,578.598527,267.073966
82.491,270.212768,258.509514,574.886666,267.072088
82.604,270.204060,258.476057,576.279841,267.070774
82.730,270.187219,258.446550,578.414334,267.068633
82.836,270.165225,258.490902,579.730469,267.070248
82.954,270.151938,258.501373,576.138819,267.073178
83.054,270.143767,258.482224,552.767949,267.073178
83.175,270.134834,258.463615,570.501378,267.077460
83.280,270.136170,258.471754,577.142020,267.092148
83.393,270.142698,258.474515,581.832432,267.092411
83.518,270.144340,258.475017,582.061640,267.088955
83.626,270.144875,258.473475,584.066581,267.088654
83.744,270.145944,258.486993,584.798346,267.087602
83.853,270.147318,258.497572,584.267735,267.087339
83.968,270.147585,258.496783,584.771414,267.086513
84.073,270.143500,258.502305,583.235450,267.088955
84.191,270.144340,258.510805,580.843489,267.090570
84.295,270.147585,258.508725,580.932735,267.095904
84.415,270.143500,258.502556,581.853610,267.099098
84.520,270.144035,258.505425,583.685736,267.099361
84.642,270.146783,258.507434,589.688355,267.104432
84.746,270.151365,258.516328,592.500696,267.106010
84.866,270.153541,258.517404,595.613102,267.109805
84.972,270.155718,258.510016,600.145331,267.108452
85.090,270.157359,258.502843,607.026127,267.106010
85.219,270.159268,258.489575,608.345182,267.104132
85.313,270.152472,258.477133,609.226514,267.101765
85.446,270.161139,258.465587,609.741436,267.104996
85.546,270.150296,258.468707,609.734867,267.106837
85.668,270.153274,258.465085,610.055881,267.104169
85.764,270.155985,258.465838,609.772052,267.104996
85.894,270.156825,258.482475,609.854118,267.101765
85.988,270.163583,258.485953,610.102894,267.103643
86.117,270.154648,258.488392,610.449643,267.105484
86.226,270.149227,258.492982,613.096843,267.107626
86.339,270.150029,258.489575,613.477727,267.112172
86.449,270.141324,258.480396,614.347293,267.110556
86.562,270.137544,258.456409,615.685582,267.110293
86.672,270.132658,258.438591,617.554275,267.106311
86.790,270.132391,258.439093,621.040930,267.107100
86.894,270.132391,258.442642,623.116564,267.105259
87.014,270.125061,258.436870,623.988537,267.104432
87.120,270.121243,258.427407,624.288915,267.107363
87.235,270.114983,258.416689,624.916005,267.106574
87.341,270.103608,258.386116,625.074336,267.109504
87.460,270.083799,258.370814,625.178594,267.109241
87.565,270.059374,258.352969,625.151209,267.112961
87.685,270.043347,258.335842,624.313293,267.111383
87.791,270.044453,258.325452,624.593871,267.115365
87.913,270.093570,258.327960,624.732045,267.120738
88.017,270.205703,258.264808,624.598621,267.121001
88.137,270.298338,258.208337,624.324841,267.115365
88.265,270.431773,258.201678,622.860102,267.114614
88.359,270.565609,258.221298,624.265821,267.116192
88.488,270.723778,258.252094,627.360213,267.118070
88.583,270.798429,258.278561,628.339852,267.121790
88.711,270.817470,258.308399,629.077351,267.121527
88.821,270.839847,258.327279,629.216463,267.124232
88.939,270.841993,258.345767,628.893409,267.123668
89.044,270.856440,258.349851,629.153001,267.123142
89.156,270.780693,258.360601,629.304989,267.130056
89.266,270.770082,258.368699,628.834403,267.128741
89.384,270.768703,258.389162,629.320437,267.129041
89.492,270.798698,258.410273,629.917899,267.131972
89.610,270.804942,258.416151,630.695102,267.129267
89.717,270.789695,258.416940,631.386042,267.129041
89.835,270.785864,258.413391,631.809156,267.126073
89.948,270.791879,258.415649,632.276212,267.126862
90.064,270.796514,258.421277,632.242096,267.127426
90.162,270.804674,258.423356,632.344451,267.130882
90.295,270.804138,258.420488,632.676126,267.128741
90.393,270.732203,258.413929,632.477692,267.127952
90.498,270.728948,258.415900,631.618559,267.129530
90.620,270.742850,258.418517,602.180475,267.127689
90.723,270.745301,258.419951,598.202071,267.127163
90.845,270.753191,258.420990,603.185490,267.129041
90.949,270.754263,258.423248,604.923234,267.132761
91.070,270.755642,258.424539,607.316464,267.131408
91.174,270.759740,258.425865,607.408153,267.124983
91.297,270.756753,258.427156,607.832602,267.127426
91.400,270.757021,258.432282,603.211111,267.129041
91.519,270.762460,258.438304,489.077334,267.124720
91.625,270.745033,258.441459,444.309783,267.122053
91.747,270.744765,258.443682,416.330358,267.125246
91.857,270.752923,258.441459,425.445421,267.129793
91.978,270.736033,258.438842,424.831013,267.133550
92.095,270.701453,258.440921,423.638997,267.122316
92.204,270.678863,258.444614,427.236766,267.124457
92.312,270.680471,258.442140,440.626930,267.124457
92.420,270.682118,258.442893,440.969065,267.128478
92.541,270.682654,258.446801,441.058078,267.128215
92.658,270.677217,258.442642,441.357300,267.125547
92.753,270.674499,258.443933,441.126479,267.121264
92.877,270.669866,258.441351,440.801076,267.123142
92.984,270.676107,258.442140,440.296049,267.126336
93.105,270.677753,258.443431,440.271614,267.127426
93.218,270.670670,258.447231,440.532179,267.127388
93.333,270.672584,258.445259,440.349706,267.126862
93.430,270.666038,258.443431,440.508959,267.124983
93.560,270.670670,258.438842,440.463835,267.123405
93.658,270.675303,258.440384,440.235080,267.123668
93.790,270.670670,258.435544,441.048650,267.126599
93.888,270.672584,258.439882,441.321873,267.126862
93.993,270.673120,258.439774,440.667447,267.130356
94.116,270.674767,258.441459,439.907936,267.131672
94.219,270.673963,258.441602,440.052862,267.127426
94.342,270.675035,258.440670,439.626292,267.130356
94.444,270.680739,258.446980,438.496429,267.129267
94.563,270.683496,258.447231,437.478059,267.128215
94.669,270.677753,258.447769,436.385947,267.129041
94.789,270.684032,258.449848,433.715906,267.128478
94.896,270.685104,258.452608,432.660386,267.127689
95.016,270.687554,258.448020,431.718621,267.129530
95.124,270.687286,258.448020,430.988184,267.127125
95.244,270.687018,258.448521,432.570365,267.127163
95.352,270.686482,258.450099,440.345388,267.126073
95.473,270.685640,258.448521,440.912363,267.129267
95.580,270.688665,258.448808,441.998097,267.132235
95.699,270.695748,258.448271,442.478165,267.134114
95.802,270.692723,258.447482,442.707294,267.130056
95.910,270.692455,258.447769,442.739697,267.131145
96.032,270.694906,258.446729,442.977655,267.129267
96.135,270.698467,258.444614,443.182411,267.129041
96.255,270.695174,258.447231,443.324156,267.127651
96.361,270.699003,258.446299,443.445872,267.130619
96.484,270.698199,258.446048,443.721721,267.127426
96.586,270.697892,258.446191,443.927523,267.130619
96.708,270.701453,258.447482,443.864886,267.128741
96.812,270.700075,258.447769,444.062122,267.125246
96.933,270.697088,258.449059,444.353214,267.127651
97.037,270.692455,258.447231,444.869318,267.129267
97.158,270.692455,258.447087,445.136429,267.131145
97.264,270.696552,258.450350,445.323044,267.131672
97.382,270.701721,258.449848,445.370617,267.126862
97.489,270.701989,258.451031,445.385431,267.127952
97.608,270.702793,258.448521,445.312073,267.129304
97.716,270.708537,258.448808,445.351336,267.127388
97.837,270.713707,258.450529,445.426428,267.128177
97.939,270.709609,258.457198,445.482250,267.127388
98.062,270.702525,258.453899,445.681315,267.130056
98.165,270.696820,258.449310,445.809230,267.130882
98.286,270.696552,258.448020,445.873050,267.128177
98.390,270.697624,258.446729,445.600120,267.126862
98.512,270.703100,258.445689,445.460924,267.130882
98.617,270.711524,258.447087,445.248447,267.132761
98.738,270.708001,258.449059,445.138152,267.134076
98.842,270.705550,258.448271,445.068455,267.133287
98.963,270.711792,258.449059,445.021321,267.128478
99.085,270.706623,258.448020,445.135568,267.129004
99.188,270.708269,258.448521,445.196506,267.127952
99.307,270.708537,258.447482,445.401108,267.129041
99.413,270.712864,258.449848,445.356195,267.130882
99.543,270.707159,258.452071,445.510635,267.130356
99.638,270.709877,258.451139,445.515026,267.131145
99.744,270.712328,258.449561,445.381042,267.130056
99.865,270.721059,258.452429,445.341774,267.132198
99.971,270.718608,258.450888,445.308233,267.131972
100.089,270.711792,258.451031,445.326100,267.135692
100.195,270.712060,258.450780,445.501068,267.135955
100.315,270.712902,258.454150,445.414199,267.134339
100.444,270.720255,258.452071,445.302512,267.134076
100.539,270.728144,258.453110,445.375790,267.132761
100.646,270.717230,258.451569,445.324768,267.132498
100.767,270.715621,258.450780,445.281120,267.132461
100.871,270.715621,258.453397,445.256752,267.132761
100.992,270.715621,258.452608,445.431602,267.133550
101.112,270.718340,258.454688,445.440775,267.133813
101.214,270.719412,258.448020,445.570393,267.131672
101.345,270.720523,258.449203,443.772164,267.132761
101.442,270.718608,258.451139,440.659729,267.128741
101.566,270.722706,258.452358,453.952863,267.131972
101.668,270.722974,258.453792,483.560218,267.133813
101.773,270.724582,258.449991,506.083257,267.130056
101.894,270.725961,258.449740,533.233414,267.126073
101.999,270.731399,258.449848,551.212090,267.126336
102.119,270.726765,258.452358,571.579091,267.125246
102.224,270.720523,258.452358,590.282210,267.127426
102.345,270.719412,258.453899,602.807103,267.130619
102.455,270.723778,258.453110,609.628042,267.130619
102.576,270.725157,258.452071,613.858081,267.127163
102.690,270.728144,258.456158,615.686084,267.129267
102.800,270.731399,258.457449,616.234455,267.130356
102.910,270.724046,258.454939,616.522198,267.130619
103.024,270.719948,258.457198,617.405797,267.131672
103.133,270.716962,258.454939,617.712280,267.134339
103.252,270.720791,258.455226,618.717394,267.135955
103.359,270.725157,258.456158,619.323996,267.133550
103.476,270.724850,258.453397,619.807164,267.129793
103.582,270.727033,258.454150,619.667537,267.130356
103.702,270.727607,258.453899,619.260343,267.130056
103.809,270.730595,258.453648,619.585559,267.129793
103.928,270.718608,258.455369,619.839666,267.131972
104.033,270.720791,258.455728,619.964236,267.132761
104.150,270.722974,258.455979,620.370838,267.132761
104.255,270.723510,258.453110,619.790914,267.131972
104.373,270.726229,258.455226,620.019613,267.132761
104.479,270.726497,258.457699,620.321390,267.137308
104.600,270.725425,258.457449,621.145477,267.138097
104.705,270.727876,258.456409,621.516885,267.139675
104.823,270.730327,258.456947,622.030383,267.138923
104.952,270.726765,258.458488,622.091391,267.137571
105.046,270.729484,258.454150,621.741798,267.134865
105.173,270.732777,258.455728,621.964407,267.133287
105.283,270.730863,258.456947,622.096241,267.132498
105.396,270.729790,258.458381,622.046719,267.134114
105.509,270.729216,258.461536,622.049654,267.134865
105.623,270.730863,258.457449,622.074543,267.132235
105.723,270.727301,258.457699,622.342663,267.132761
105.854,270.716157,258.452608,622.047229,267.133287
105.949,270.734386,258.453899,621.519307,267.132235
106.076,270.739020,258.452608,621.062703,267.133550
106.186,270.729484,258.455620,621.283809,267.133287
106.300,270.727033,258.454867,620.841204,267.137045
106.411,270.736837,258.456516,620.139408,267.134339
106.523,270.760277,258.454437,620.162406,267.136481
106.633,270.753995,258.459528,619.816813,267.134339
106.748,270.748020,258.461249,619.699393,267.134602
106.858,270.747484,258.455369,619.792057,267.133287
106.971,270.734960,258.454078,619.933503,267.134865
107.082,270.748020,258.457699,620.270803,267.137308
107.198,270.739020,258.454939,620.199128,267.136782
107.306,270.742046,258.451318,620.393212,267.135166
107.424,270.750471,258.451390,620.600486,267.135166
107.530,270.745569,258.449203,620.611425,267.133550
107.649,270.730327,258.448020,620.482976,267.131408
107.755,270.733314,258.449489,620.183372,267.133550
107.872,270.737411,258.456158,620.222637,267.135692
107.977,270.738484,258.456409,620.365372,267.132761
108.097,270.748288,258.452358,620.568562,267.129530
108.202,270.747752,258.448808,620.374525,267.130356
108.325,270.749667,258.450350,620.523414,267.131145
108.428,270.737948,258.451031,620.786356,267.131145
108.548,270.743386,258.446048,620.928771,267.128741
108.676,270.743922,258.451390,620.891349,267.130619
108.771,270.750203,258.450637,621.057228,267.129304
108.896,270.749399,258.446442,621.697673,267.130356
108.995,270.734654,258.440384,621.752129,267.130056
109.123,270.748825,258.449310,622.952820,267.129041
109.229,270.758093,258.450099,623.234933,267.131145
109.346,270.757289,258.452358,623.817793,267.135429
109.456,270.748020,258.451318,623.801388,267.135692
109.567,270.757557,258.451031,623.814076,267.130882
109.683,270.764375,258.449561,623.867009,267.130619
109.794,270.761924,258.449489,624.518382,267.131145
109.905,270.764375,258.452859,625.081020,267.131145
110.024,270.753191,258.452071,625.051842,267.129041
110.134,270.754301,258.451820,625.165223,267.128741
110.248,270.763264,258.451820,625.173708,267.129793
110.362,270.765984,258.454867,626.089588,267.131672
110.472,270.761924,258.453648,626.523501,267.133851
110.584,270.760813,258.451318,626.738816,267.131408
110.698,270.759472,258.448808,626.869168,267.131145
110.809,270.757021,258.448271,626.788371,267.135429
110.922,270.758630,258.449059,626.766432,267.136218
111.031,270.760545,258.446980,627.093826,267.131972
111.144,270.761081,258.448808,626.678945,267.132235
111.253,270.762996,258.450637,614.472005,267.132235
111.371,270.762996,258.445259,591.555183,267.130882
111.479,270.756178,258.446550,500.386669,267.130356
111.595,270.758361,258.449310,444.012099,267.129267
111.712,270.760277,258.449848,426.712211,267.130056
111.830,270.759204,258.448521,430.244629,267.130619
111.932,270.759204,258.446980,441.756100,267.137308
112.039,270.760545,258.449310,445.642480,267.138623
112.159,270.760545,258.449203,447.372756,267.138623
112.271,270.760008,258.450637,447.684300,267.139675
112.383,270.758630,258.453110,448.236808,267.144785
112.506,270.761349,258.453899,448.424839,267.141854
112.600,270.762460,258.454688,448.524440,267.141591
112.722,270.762192,258.455620,448.318226,267.138623
112.826,270.765447,258.455226,448.302795,267.133287
112.948,270.760008,258.454867,448.360962,267.131672
113.061,270.753459,258.459456,448.486116,267.135429
113.176,270.754570,258.459456,448.675249,267.133287
113.283,270.755106,258.459026,448.652275,267.133024
113.401,270.758898,258.454688,448.067789,267.134602
113.504,270.755642,258.459169,447.872468,267.135692
113.623,270.753727,258.456947,447.955134,267.134602
113.729,270.758361,258.455369,447.624050,267.134602
113.849,270.757289,258.457449,447.650423,267.136218
113.953,270.755642,258.453792,447.730423,267.138097
114.075,270.759472,258.453899,447.464994,267.133287
114.186,270.763264,258.452608,447.487486,267.132235
114.304,270.756753,258.448808,447.529633,267.131408
114.411,270.745837,258.448271,447.524739,267.132461
114.531,270.760277,258.453648,447.618760,267.132761
114.636,270.754570,258.453397,447.744956,267.133550
114.757,270.753727,258.453397,447.756805,267.131672
114.863,270.762728,258.457198,447.821900,267.133550
114.980,270.759740,258.454580,447.744956,267.132761
115.089,270.751544,258.450637,447.625393,267.132761
115.205,270.755374,258.448521,447.611260,267.135955
115.313,270.757557,258.455728,447.695277,267.135692
115.433,270.748288,258.449991,447.513768,267.138923
115.538,270.745301,258.455118,447.416702,267.137045
115.657,270.760813,258.458739,447.314854,267.133813
115.764,270.752655,258.451318,447.258226,267.133024
115.880,270.747216,258.448808,447.369284,267.134602
115.984,270.749093,258.449059,447.514242,267.133287
116.103,270.749361,258.452859,447.607786,267.131145
116.209,270.750203,258.451390,447.524344,267.131408
116.328,270.751812,258.451820,447.433824,267.130882
116.458,270.747216,258.452608,447.375043,267.132498
116.552,270.748288,258.452071,447.384195,267.133024
116.680,270.749935,258.453110,447.282359,267.132987
116.774,270.755910,258.452071,447.332366,267.133813
116.897,270.756753,258.451820,447.294268,267.137796
117.002,270.754570,258.451031,447.262563,267.138360
117.129,270.752923,258.448521,447.237091,267.132235
117.237,270.751008,258.448808,447.231019,267.131972
117.350,270.755642,258.448808,447.065152,267.130619
117.458,270.752118,258.450099,447.054276,267.132235
117.573,270.752118,258.452859,446.955463,267.134114
117.683,270.752655,258.456158,446.831874,267.130619
117.799,270.752923,258.453110,446.784547,267.131145
117.910,270.751850,258.454078,446.716679,267.130056
118.026,270.753995,258.450780,446.676375,267.133024
118.131,270.751544,258.454078,446.655359,267.130882
118.247,270.755106,258.453397,446.736361,267.133024
118.352,270.751812,258.453110,446.636863,267.135692
118.475,270.754838,258.455118,446.773996,267.135429
118.577,270.755106,258.453110,446.745100,267.138660
118.697,270.753459,258.451569,446.558091,267.133287
118.820,270.752118,258.453110,446.534880,267.130056
118.918,270.753191,258.451569,446.692984,267.131145
119.041,270.752386,258.450278,446.530947,267.130882
119.154,270.752655,258.452358,446.418381,267.134114
119.266,270.750740,258.455728,446.354998,267.133287
119.375,270.754301,258.455728,446.213651,267.134865
119.492,270.756178,258.452358,446.045267,267.133851
119.599,270.756178,258.452071,446.013377,267.133024
119.717,270.758093,258.450888,445.979683,267.130056
119.825,270.758630,258.452608,445.746835,267.133287
119.943,270.757825,258.447087,445.471430,267.135166
120.050,270.760008,258.447231,445.381433,267.137308
120.167,270.758898,258.448020,445.305569,267.135955
120.273,270.764643,258.449561,445.272423,267.133813
120.390,270.768703,258.451390,445.144731,267.133550
120.494,270.766252,258.451569,445.094139,267.133287
120.613,270.766558,258.454939,445.143400,267.134339
120.719,270.761349,258.458918,445.150840,267.135166
120.839,270.762460,258.459169,445.183033,267.135692
120.963,270.762460,258.460496,445.260670,267.134602
121.062,270.764375,258.456767,445.370147,267.135692
121.190,270.762728,258.457449,445.284646,267.134865
121.292,270.763800,258.457699,445.273285,267.135692
121.410,270.761924,258.456947,445.171284,267.134339
121.518,270.764911,258.459958,445.254088,267.139675
121.630,270.764375,258.454867,445.326884,267.141291
121.745,270.760813,258.455118,445.109880,267.138097
121.859,270.760277,258.457699,438.642443,267.130619
121.967,270.761081,258.459958,437.367646,267.140239
122.085,270.763264,258.457986,449.854316,267.143170
122.193,270.760008,258.449991,520.533866,267.139976
122.309,270.768167,258.460066,585.674686,267.153090
122.413,270.799502,258.459026,644.137506,267.129793
122.536,270.800307,258.405792,682.317196,267.123405
122.642,270.814482,258.409484,700.002775,267.116981
122.759,270.827279,258.411312,715.457594,267.115102
122.862,270.841993,258.385328,735.823402,267.116718
122.989,270.865982,258.413140,739.517341,267.120174
123.099,270.876330,258.404215,738.084830,267.135429
123.200,270.847741,258.377981,733.487934,267.160831
123.315,270.862993,258.369775,730.683829,267.158915
123.438,270.727033,258.370025,735.379519,267.157336
123.538,270.458426,258.359920,739.422086,267.157599
123.657,270.268155,258.345372,745.889123,267.155457
123.775,270.242102,258.341180,751.196481,267.160005
123.884,270.233393,258.344226,752.943767,267.157900
123.999,270.213035,258.334874,752.448827,267.153315
124.119,270.077272,258.314991,754.902035,267.159478
124.223,270.087577,258.313522,758.126929,267.156547
124.337,270.113380,258.311874,759.294880,267.166957
124.440,270.114181,258.309366,763.361562,267.161094
124.565,270.132123,258.311444,765.496942,267.162410
124.677,270.177444,258.320615,766.393195,267.160531
124.779,270.304298,258.335555,768.795878,267.157599
124.906,270.333646,258.346304,768.585653,267.151737
125.017,270.354323,258.355298,768.916268,267.153842
125.117,270.397517,258.351500,770.057256,267.190484
125.231,270.422559,258.352467,768.926723,267.188342
125.352,270.588186,258.356265,768.229841,267.184057
125.455,270.550381,258.352467,767.597497,267.187026
125.575,270.539209,258.353757,766.870451,267.189131
125.697,270.568058,258.349851,767.382369,267.187816
125.803,270.558530,258.346411,767.120270,267.188342
125.917,270.537602,258.344477,766.573567,267.188079
126.019,270.538406,258.347343,764.182474,267.190747
126.147,270.543571,258.347881,764.626251,267.191274
126.256,270.557727,258.349421,759.541075,267.192326
126.357,270.559908,258.349672,757.485989,267.189958
126.473,270.557459,258.348633,758.993755,267.188079
126.593,270.554207,258.346555,758.585524,267.186763
126.696,270.557191,258.346555,758.495515,267.188079
126.810,270.560443,258.347343,757.875950,267.189131
126.932,270.562089,258.352180,757.173995,267.189131
127.037,270.569167,258.351428,754.169242,267.187816
127.153,270.571348,258.345516,752.038514,267.188868
127.276,270.572688,258.346411,752.069546,267.188868
127.378,270.564538,258.349170,752.999184,267.187252
127.492,270.570507,258.350102,751.645718,267.189695
127.616,270.614324,258.354259,747.365537,267.195295
127.722,270.583019,258.325452,747.791337,267.194506
127.830,270.492693,258.316531,746.281835,267.194205
127.941,270.485082,258.316280,743.830701,267.193153
128.056,270.501682,258.316531,739.766505,267.191800
128.179,270.491622,258.316030,740.124996,267.191574
128.283,270.580570,258.302274,713.195886,267.187252
128.397,270.601274,258.305283,712.583373,267.190747
128.518,271.352815,258.311695,722.938656,267.199843
128.623,271.330686,258.327709,727.596729,267.204128
128.736,271.420603,258.332116,730.142598,267.203301
128.839,271.467346,258.338959,731.207851,267.202775
128.966,271.470076,258.340786,731.964774,267.198227
129.073,271.478265,258.349959,731.809701,267.196874
129.177,271.480725,258.353506,733.388293,267.201948
129.292,271.466231,258.352467,734.168073,267.201948
129.413,271.422217,258.352467,734.407424,267.198227
129.515,271.411033,258.357555,735.474662,267.196874
129.633,271.409111,258.359526,736.127768,267.199317
129.751,271.412647,258.365188,736.446547,267.198753
129.862,271.399542,258.368986,727.335908,267.197438
129.978,271.395968,258.368699,729.421012,267.197438
130.079,271.398158,258.366478,735.479558,267.195822
130.202,271.397082,258.369775,737.992307,267.194205
130.316,271.403077,258.368019,738.550166,267.195295
130.420,271.404730,258.367409,735.506162,267.198227
130.542,271.409380,258.371495,735.366628,267.193153
130.654,271.411571,258.376691,734.784104,267.197701
130.756,271.409111,258.383536,732.425743,267.199543
130.884,271.394623,258.392173,728.247453,267.188868
130.993,271.400925,258.400129,723.521282,267.184884
131.096,271.402539,258.404646,694.845279,267.179246
131.212,271.399542,258.401886,625.628056,267.171241
131.335,271.398735,258.405255,526.044202,267.161884
131.438,271.382594,258.402638,447.152489,267.157336
131.553,271.382863,258.403176,429.690378,267.160831
131.673,271.377945,258.397298,422.301444,267.167220
131.782,271.369222,258.387048,425.943841,267.174436
131.895,271.373833,258.384826,435.104436,267.178194
131.996,271.482648,258.381959,437.030855,267.180073
132.128,271.527214,258.359275,438.080618,267.181915
132.240,271.522830,258.341539,437.844252,267.183268
132.349,271.610914,258.320365,437.968225,267.195032
132.455,271.825526,258.305032,438.168786,267.219052
132.568,271.808810,258.303456,438.198564,267.217999
132.685,271.777886,258.299515,438.682619,267.218826
132.794,271.779272,258.296363,438.732540,267.219616
132.909,271.809657,258.299766,438.881891,267.219616
133.012,271.806114,258.301736,438.661074,267.217736
133.137,271.805536,258.303312,438.438196,267.219089
133.250,271.803880,258.299659,438.392461,267.218826
133.350,271.804189,258.300196,438.305529,267.220668
133.472,271.801454,258.299909,438.321382,267.218563
133.589,271.803341,258.300948,438.398359,267.221495
133.695,271.801993,258.299659,438.357455,267.222021
133.813,271.805806,258.301235,438.348494,267.224954
133.914,271.808849,258.300017,438.118882,267.220179
134.035,271.814318,258.298871,437.815350,267.218525
134.148,271.814857,258.302703,438.029122,267.218563
134.252,271.825834,258.299909,437.989874,267.217736
134.375,271.792134,258.295074,437.900993,267.217736
134.486,271.815396,258.303062,437.932810,267.219352
134.592,271.807732,258.306071,438.164883,267.221758
134.713,271.803380,258.304351,438.020553,267.222811
134.826,271.805267,258.299909,437.922179,267.224164
134.929,271.804458,258.300196,437.871933,267.222021
135.053,271.804458,258.298190,437.954150,267.222548
135.165,271.803380,258.300948,438.111229,267.221758
135.267,271.803380,258.300697,438.218622,267.225217
135.392,271.802532,258.299408,438.280718,267.223863
135.504,271.803072,258.302023,438.292281,267.225480
135.606,271.807193,258.299909,438.734150,267.224991
135.724,271.808271,258.302954,438.680012,267.222811
135.847,271.808810,258.301736,438.777330,267.224427
135.951,271.804458,258.301736,438.775105,267.223074
136.066,271.801185,258.303563,438.747878,267.221758
136.191,271.802532,258.303742,438.808472,267.222548
136.290,271.800607,258.300447,439.056649,267.221758
136.407,271.800876,258.299659,439.138652,267.223375
136.523,271.802263,258.298727,439.084288,267.223901
136.629,271.802263,258.300017,439.151938,267.224991
136.743,271.802532,258.299229,439.121989,267.223638
136.846,271.800876,258.300697,439.098032,267.229239
136.970,271.802532,258.303062,438.921561,267.227360
137.081,271.804997,258.303062,439.073155,267.226307
137.185,271.807193,258.302023,438.989942,267.225480
137.308,271.808579,258.301736,438.884039,267.225743
137.420,271.806384,258.304244,438.923326,267.224427
137.523,271.807732,258.303814,438.992475,267.224954
137.647,271.807193,258.307539,438.899922,267.223901
137.761,271.805536,258.307790,438.872914,267.224691
137.861,271.804458,258.302023,438.695731,267.222021
137.975,271.805536,258.300948,438.767819,267.222811
138.099,271.805267,258.301736,438.747878,267.220668
138.199,271.804997,258.300948,438.911355,267.224164
138.313,271.805267,258.301736,438.920717,267.227360
138.436,271.803919,258.300805,438.985721,267.223600
138.538,271.803380,258.300697,439.079221,267.226006
138.665,271.807193,258.303205,439.139958,267.225743
138.776,271.809388,258.303062,439.130973,267.226006
138.876,271.808849,258.303742,439.205315,267.224691
139.002,271.808040,258.300948,439.289433,267.224691
139.113,271.806923,258.304781,439.364813,267.223901
139.215,271.804728,258.304781,439.500791,267.224427
139.329,271.806923,258.304781,439.580454,267.228187
139.452,271.804458,258.302023,439.601449,267.224427
139.553,271.807462,258.301736,439.604295,267.225480
139.669,271.804997,258.302274,439.529009,267.225480
139.787,271.809388,258.299229,439.800558,267.226570
139.895,271.815666,258.302954,439.901701,267.227886
140.010,271.798412,258.301485,440.091069,267.230555
140.132,271.785819,258.303563,440.224059,267.229502
140.234,271.785010,258.302274,440.280170,267.225480
140.348,271.785280,258.300017,440.428666,267.227360
140.472,271.788014,258.301485,440.352327,267.225254
140.574,271.782815,258.303312,440.389569,267.226006
140.690,271.782815,258.305533,440.408076,267.225743
140.814,271.779812,258.305283,440.522613,267.224427
140.913,271.780890,258.300268,440.602082,267.226006
141.028,271.780351,258.302274,440.691374,267.227360
141.132,271.783085,258.302274,440.886179,267.224691
141.254,271.778695,258.300196,441.166135,267.223901
141.366,271.778156,258.299909,441.593250,267.230292
141.469,271.781467,258.303205,441.941048,267.231382
141.596,271.789670,258.305390,442.404647,267.236194
141.705,271.788823,258.303563,442.734024,267.232961
141.808,271.795677,258.305032,442.827520,267.231382
141.924,271.798450,258.305533,442.873773,267.230818
142.043,271.800068,258.305533,442.963345,267.230330
142.146,271.785819,258.307110,443.009308,267.231119
142.262,271.782815,258.307110,443.030542,267.229239
142.382,271.787205,258.306608,443.613689,267.231119
142.484,271.787744,258.305533,444.920264,267.242586
142.603,271.786936,258.304602,444.920343,267.242886
142.710,271.786666,258.306321,444.948989,267.242322
142.829,271.789400,258.306608,445.367560,267.245819
142.938,271.787744,258.300697,445.667820,267.246345
